match_date,match_result,season
"Saturday, 26 July",U Mumba beat Jaipur Pink Panthers (45 - 31),1
"Saturday, 26 July",Bengaluru Bulls beat Dabang Delhi (47 - 28),1
"Sunday, 27 July",Bengaluru Bulls beat Puneri Paltan (40 - 37),1
"Sunday, 27 July",U Mumba beat Bengal Warriors (36 - 25),1
"Monday, 28 July",Dabang Delhi beat Puneri Paltan (35 - 31),1
"Monday, 28 July",Match Drawn (35 - 35),1
"Tuesday, 29 July",U Mumba beat Patna Pirates (36 - 33),1
"Wednesday, 30 July",Bengaluru Bulls beat Bengal Warriors (46 - 30),1
"Thursday, 31 July",Jaipur Pink Panthers beat Telugu Titans (46 - 32),1
"Thursday, 31 July",Bengal Warriors beat Dabang Delhi (42 - 40),1
"Friday, 01 August",Patna Pirates beat Telugu Titans (38 - 35),1
"Friday, 01 August",Bengal Warriors beat Puneri Paltan (38 - 35),1
"Saturday, 02 August",Jaipur Pink Panthers beat Patna Pirates (40 - 18),1
"Saturday, 02 August",U Mumba beat Bengal Warriors (38 - 29),1
"Sunday, 03 August",Telugu Titans beat Dabang Delhi (39 - 35),1
"Sunday, 03 August",Puneri Paltan beat Bengaluru Bulls (33 - 31),1
"Monday, 04 August",U Mumba beat Puneri Paltan (44 - 28),1
"Monday, 04 August",Patna Pirates beat Dabang Delhi (36 - 31),1
"Tuesday, 05 August",U Mumba beat Bengaluru Bulls (45 - 34),1
"Tuesday, 05 August",Jaipur Pink Panthers beat Dabang Delhi (40 - 31),1
"Wednesday, 06 August",Dabang Delhi beat Bengal Warriors (46 - 36),1
"Thursday, 07 August",Patna Pirates beat Puneri Paltan (35 - 27),1
"Friday, 08 August",Bengal Warriors beat Telugu Titans (40 - 35),1
"Friday, 08 August",Match Drawn (37 - 37),1
"Saturday, 09 August",Jaipur Pink Panthers beat Telugu Titans (49 - 29),1
"Saturday, 09 August",Match Drawn (30 - 30),1
"Sunday, 10 August",Jaipur Pink Panthers beat Bengal Warriors (39 - 23),1
"Sunday, 10 August",Bengaluru Bulls beat Patna Pirates (37 - 35),1
"Tuesday, 12 August",Telugu Titans beat Puneri Paltan (42 - 36),1
"Wednesday, 13 August",Bengaluru Bulls beat U Mumba (33 - 30),1
"Wednesday, 13 August",Puneri Paltan beat Bengal Warriors (40 - 30),1
"Thursday, 14 August",Dabang Delhi beat Bengaluru Bulls (29 - 27),1
"Thursday, 14 August",Jaipur Pink Panthers beat Puneri Paltan (50 - 23),1
"Friday, 15 August",Dabang Delhi beat U Mumba (36 - 27),1
"Friday, 15 August",Patna Pirates beat Puneri Paltan (37 - 31),1
"Saturday, 16 August",Match Drawn (28 - 28),1
"Saturday, 16 August",Jaipur Pink Panthers beat Bengal Warriors (41 - 33),1
"Sunday, 17 August",Patna Pirates beat Jaipur Pink Panthers (52 - 30),1
"Sunday, 17 August",Telugu Titans beat U Mumba (44 - 43),1
"Monday, 18 August",Bengal Warriors beat Patna Pirates (30 - 28),1
"Monday, 18 August",Telugu Titans beat Puneri Paltan (60 - 24),1
"Tuesday, 19 August",Telugu Titans beat Dabang Delhi (45 - 26),1
"Wednesday, 20 August",Jaipur Pink Panthers beat Bengaluru Bulls (36 - 31),1
"Thursday, 21 August",Patna Pirates beat Bengal Warriors (36 - 32),1
"Thursday, 21 August",Match Drawn (31 - 31),1
"Friday, 22 August",Match Drawn (34 - 34),1
"Friday, 22 August",Jaipur Pink Panthers beat Dabang Delhi (41 - 31),1
"Saturday, 23 August",Telugu Titans beat Patna Pirates (32 - 29),1
"Saturday, 23 August",Jaipur Pink Panthers beat Puneri Paltan (33 - 27),1
"Sunday, 24 August",Bengaluru Bulls beat Bengal Warriors (37 - 24),1
"Sunday, 24 August",U Mumba beat Dabang Delhi (37 - 30),1
"Monday, 25 August",Dabang Delhi beat Puneri Paltan (45 - 22),1
"Monday, 25 August",Patna Pirates beat Bengaluru Bulls (33 - 31),1
"Tuesday, 26 August",Bengaluru Bulls beat Telugu Titans (27 - 26),1
"Wednesday, 27 August",U Mumba beat Puneri Paltan (36 - 35),1
"Wednesday, 27 August",Bengaluru Bulls beat Jaipur Pink Panthers (30 - 29),1
"Friday, 29 August",Jaipur Pink Panthers beat Patna Pirates (38 - 18),1
"Friday, 29 August",U Mumba beat Bengaluru Bulls (27 - 23),1
"Sunday, 31 August",Patna Pirates beat Bengaluru Bulls (29 - 22),1
"Sunday, 31 August",Jaipur Pink Panthers beat U Mumba (35 - 24),1
"Saturday, 18 July",U Mumba beat Jaipur Pink Panthers (29-28),2
"Saturday, 18 July",Bengaluru Bulls beat Bengal Warriors (33-25),2
"Sunday, 19 July",Telugu Titans beat Dabang Delhi (36-27),2
"Sunday, 19 July",U Mumba beat Bengaluru Bulls (36-23),2
"Monday, 20 July",Telugu Titans beat Puneri Paltan (45-24),2
"Monday, 20 July",U Mumba beat Patna Pirates (25-20),2
"Tuesday, 21 July",U Mumba beat Puneri Paltan (28-21),2
"Wednesday, 22 July",Bengal Warriors beat Jaipur Pink Panthers (28-26),2
"Wednesday, 22 July",Bengaluru Bulls beat Patna Pirates (31-26),2
"Thursday, 23 July",Telugu Titans beat Bengal Warriors (32-30),2
"Friday, 24 July",Dabang Delhi beat Puneri Paltan (38-37),2
"Friday, 24 July",U Mumba beat Bengal Warriors (29-25),2
"Saturday, 25 July",Bengaluru Bulls beat Puneri Paltan (31-26),2
"Saturday, 25 July",Dabang Delhi beat Bengal Warriors (32-21),2
"Sunday, 26 July",Patna Pirates beat Jaipur Pink Panthers (29-23),2
"Sunday, 26 July",U Mumba beat Telugu Titans (27-26),2
"Monday, 27 July",Bengaluru Bulls beat Dabang Delhi (33-18),2
"Monday, 27 July",Telugu Titans beat Jaipur Pink Panthers (33-22),2
"Tuesday, 28 July",Jaipur Pink Panthers beat Bengaluru Bulls (36-23),2
"Wednesday, 29 July",Puneri Paltan beat Bengal Warriors (33-29),2
"Wednesday, 29 July",Dabang Delhi beat Jaipur Pink Panthers (35-27),2
"Thursday, 30 July",Telugu Titans beat Patna Pirates (34-22),2
"Friday, 31 July",Bengaluru Bulls beat Telugu Titans (35-21),2
"Friday, 31 July",Patna Pirates beat Dabang Delhi (39-22),2
"Saturday, 01 August",U Mumba beat Dabang Delhi (27-22),2
"Saturday, 01 August",Patna Pirates beat Puneri Paltan (32-28),2
"Sunday, 02 August",Jaipur Pink Panthers beat Puneri Paltan (35-29),2
"Sunday, 02 August",Match Tied,2
"Tuesday, 04 August",Match Tied,2
"Tuesday, 04 August",U Mumba beat Dabang Delhi (29-25),2
"Wednesday, 05 August",Telugu Titans beat Bengal Warriors (44-28),2
"Thursday, 06 August",Bengaluru Bulls beat Bengal Warriors (33-22),2
"Thursday, 06 August",Telugu Titans beat Patna Pirates (54-32),2
"Friday, 07 August",Jaipur Pink Panthers beat U Mumba (35-25),2
"Friday, 07 August",Match Tied,2
"Saturday, 08 August",Bengal Warriors beat Dabang Delhi (20-17),2
"Saturday, 08 August",Patna Pirates beat Bengaluru Bulls (30-28),2
"Sunday, 09 August",U Mumba beat Bengal Warriors (31-17),2
"Sunday, 09 August",Dabang Delhi beat Patna Pirates (45-26),2
"Monday, 10 August",Jaipur Pink Panthers beat Dabang Delhi (51-21),2
"Tuesday, 11 August",Jaipur Pink Panthers beat Puneri Paltan (31-18),2
"Tuesday, 11 August",Match Tied,2
"Wednesday, 12 August",U Mumba beat Bengaluru Bulls (36-29),2
"Thursday, 13 August",Bengal Warriors beat Puneri Paltan (31-28),2
"Thursday, 13 August",Jaipur Pink Panthers beat Bengaluru Bulls (27-25),2
"Friday, 14 August",Patna Pirates beat Bengal Warriors (34-32),2
"Friday, 14 August",Bengaluru Bulls beat Dabang Delhi (40-21),2
"Saturday, 15 August",U Mumba beat Patna Pirates (32-27),2
"Saturday, 15 August",Bengaluru Bulls beat Telugu Titans (43-29),2
"Sunday, 16 August",Puneri Paltan beat Dabang Delhi (33-28),2
"Sunday, 16 August",Bengal Warriors beat Jaipur Pink Panthers (39-38),2
"Monday, 17 August",U Mumba beat Puneri Paltan (39-34),2
"Tuesday, 18 August",Telugu Titans beat U Mumba (46-25),2
"Tuesday, 18 August",Patna Pirates beat Puneri Paltan (38-21),2
"Wednesday, 19 August",Patna Pirates beat Jaipur Pink Panthers (26-24),2
"Wednesday, 19 August",Bengaluru Bulls beat Puneri Paltan (31-30),2
"Friday, 21 August",Bengaluru Bulls beat Telugu Titans (39-38),2
"Friday, 21 August",U Mumba beat Patna Pirates (35-18),2
"Sunday, 23 August",Telugu Titans beat Patna Pirates (34-26),2
"Sunday, 23 August",U Mumba beat Bengaluru Bulls (36-30),2
"Saturday, 30 January",U Mumba beat Telugu Titans (27-25),3
"Saturday, 30 January",Bengaluru Bulls beat Dabang Delhi (35-29),3
"Sunday, 31 January",Jaipur Pink Panthers beat U Mumba (27-18),3
"Sunday, 31 January",Telugu Titans beat Puneri Paltan (27-26),3
"Monday, 01 February",Patna Pirates beat Jaipur Pink Panthers (29-28),3
"Monday, 01 February",Telugu Titans beat Dabang Delhi (45-34),3
"Tuesday, 02 February",Bengal Warriors beat Telugu Titans (25-17),3
"Wednesday, 03 February",Patna Pirates beat Bengaluru Bulls (33-24),3
"Wednesday, 03 February",Puneri Paltan beat Dabang Delhi (38-20),3
"Thursday, 04 February",Bengal Warriors beat Bengaluru Bulls (34-24),3
"Friday, 05 February",U Mumba beat Dabang Delhi (30-17),3
"Friday, 05 February",Bengaluru Bulls beat Jaipur Pink Panthers (36-26),3
"Saturday, 06 February",Patna Pirates beat U Mumba (40-26),3
"Saturday, 06 February",Telugu Titans beat Bengaluru Bulls (35-26),3
"Sunday, 07 February",Bengal Warriors beat Puneri Paltan (33-28),3
"Sunday, 07 February",Jaipur Pink Panthers beat Dabang Delhi (39-34),3
"Monday, 08 February",Patna Pirates beat Telugu Titans (29-25),3
"Monday, 08 February",Bengal Warriors beat Dabang Delhi (34-17),3
"Tuesday, 09 February",Patna Pirates beat Bengal Warriors (36-31),3
"Wednesday, 10 February",U Mumba beat Bengaluru Bulls (29-28),3
"Wednesday, 10 February",Bengal Warriors beat Jaipur Pink Panthers (34-20),3
"Thursday, 11 February",Match Tied,3
"Friday, 12 February",Patna Pirates beat Dabang Delhi (47-34),3
"Friday, 12 February",Match Tied,3
"Saturday, 13 February",Telugu Titans beat Jaipur Pink Panthers (27-25),3
"Saturday, 13 February",U Mumba beat Puneri Paltan (29-27),3
"Sunday, 14 February",U Mumba beat Bengal Warriors (32-21),3
"Sunday, 14 February",Puneri Paltan beat Bengaluru Bulls (29-27),3
"Tuesday, 16 February",Patna Pirates beat Bengal Warriors (32-27),3
"Tuesday, 16 February",Jaipur Pink Panthers beat Telugu Titans (35-26),3
"Wednesday, 17 February",Patna Pirates beat Bengaluru Bulls (36-32),3
"Thursday, 18 February",Dabang Delhi beat Bengaluru Bulls (35-21),3
"Thursday, 18 February",Match Tied,3
"Friday, 19 February",Bengal Warriors beat Telugu Titans (32-28),3
"Friday, 19 February",U Mumba beat Patna Pirates (34-28),3
"Saturday, 20 February",Jaipur Pink Panthers beat Bengaluru Bulls (30-21),3
"Saturday, 20 February",Puneri Paltan beat Dabang Delhi (32-22),3
"Sunday, 21 February",Telugu Titans beat Bengaluru Bulls (40-22),3
"Sunday, 21 February",Puneri Paltan beat Jaipur Pink Panthers (33-18),3
"Monday, 22 February",Bengal Warriors beat Jaipur Pink Panthers (34-18),3
"Tuesday, 23 February",U Mumba beat Bengal Warriors (30-17),3
"Tuesday, 23 February",Patna Pirates beat Jaipur Pink Panthers (47-24),3
"Wednesday, 24 February",Telugu Titans beat Dabang Delhi (44-36),3
"Thursday, 25 February",U Mumba beat Bengaluru Bulls (39-18),3
"Thursday, 25 February",Patna Pirates beat Dabang Delhi (67-34),3
"Friday, 26 February",Puneri Paltan beat Telugu Titans (41-24),3
"Friday, 26 February",Match Tied,3
"Saturday, 27 February",Puneri Paltan beat Bengaluru Bulls (44-27),3
"Saturday, 27 February",Bengal Warriors beat Dabang Delhi (37-31),3
"Sunday, 28 February",U Mumba beat Jaipur Pink Panthers (35-21),3
"Sunday, 28 February",Telugu Titans beat Patna Pirates (42-41),3
"Monday, 29 February",U Mumba beat Puneri Paltan (30-27),3
"Tuesday, 01 March",Bengal Warriors beat Bengaluru Bulls (26-22),3
"Tuesday, 01 March",U Mumba beat Telugu Titans (38-22),3
"Wednesday, 02 March",Puneri Paltan beat Bengal Warriors (43-19),3
"Wednesday, 02 March",U Mumba beat Dabang Delhi (36-20),3
"Friday, 04 March",Patna Pirates beat Puneri Paltan (40-21),3
"Friday, 04 March",U Mumba beat Bengal Warriors (41-29),3
"Saturday, 05 March",Puneri Paltan beat Bengal Warriors (31-27),3
"Saturday, 05 March",Patna Pirates beat U Mumba (31-28),3
"Saturday, 25 June",Puneri Paltan beat Telugu Titans (28-24),4
"Saturday, 25 June",U Mumba beat Jaipur Pink Panthers (36-34),4
"Sunday, 26 June",Bengaluru Bulls beat Bengal Warriors (24-23),4
"Sunday, 26 June",Puneri Paltan beat U Mumba (41-19),4
"Monday, 27 June",Bengal Warriors beat Dabang Delhi K.C. (31-23),4
"Monday, 27 June",Patna Pirates beat Puneri Paltan (30-24),4
"Tuesday, 28 June",Match Tied,4
"Wednesday, 29 June",Jaipur Pink Panthers beat Telugu Titans (28-24),4
"Wednesday, 29 June",Patna Pirates beat U Mumba (36-34),4
"Thursday, 30 June",Match Tied,4
"Friday, 01 July",U Mumba beat Dabang Delhi K.C. (27-25),4
"Friday, 01 July",Jaipur Pink Panthers beat Bengal Warriors (36-33),4
"Saturday, 02 July",Dabang Delhi K.C. beat Bengaluru Bulls (32-24),4
"Saturday, 02 July",Puneri Paltan beat Jaipur Pink Panthers (33-28),4
"Sunday, 03 July",Patna Pirates beat Telugu Titans (35-33),4
"Sunday, 03 July",U Mumba beat Bengal Warriors (26-18),4
"Monday, 04 July",Bengaluru Bulls beat Puneri Paltan (29-27),4
"Monday, 04 July",Telugu Titans beat Bengal Warriors (35-18),4
"Tuesday, 05 July",Bengaluru Bulls beat Telugu Titans (30-28),4
"Wednesday, 06 July",Jaipur Pink Panthers beat Dabang Delhi K.C. (51-26),4
"Wednesday, 06 July",Telugu Titans beat U Mumba (35-30),4
"Thursday, 07 July",Patna Pirates beat Bengaluru Bulls (31-25),4
"Friday, 08 July",U Mumba beat Bengaluru Bulls (24-23),4
"Friday, 08 July",Patna Pirates beat Bengal Warriors (35-21),4
"Saturday, 09 July",Puneri Paltan beat Bengal Warriors (38-31),4
"Saturday, 09 July",Dabang Delhi K.C. beat Patna Pirates (33-15),4
"Sunday, 10 July",Telugu Titans beat Dabang Delhi K.C. (28-23),4
"Sunday, 10 July",Jaipur Pink Panthers beat Patna Pirates (26-21),4
"Tuesday, 12 July",Telugu Titans beat Bengaluru Bulls (32-24),4
"Tuesday, 12 July",Match Tied,4
"Wednesday, 13 July",Jaipur Pink Panthers beat Bengaluru Bulls (24-22),4
"Thursday, 14 July",U Mumba beat Jaipur Pink Panthers (29-23),4
"Thursday, 14 July",Patna Pirates beat Bengaluru Bulls (38-23),4
"Friday, 15 July",Telugu Titans beat Puneri Paltan (32-29),4
"Friday, 15 July",Dabang Delhi K.C. beat Bengaluru Bulls (40-20),4
"Saturday, 16 July",Bengal Warriors beat Jaipur Pink Panthers (32-25),4
"Saturday, 16 July",Patna Pirates beat U Mumba (34-24),4
"Sunday, 17 July",Jaipur Pink Panthers beat Puneri Paltan (33-27),4
"Sunday, 17 July",Patna Pirates beat Bengal Warriors (33-27),4
"Monday, 18 July",Match Tied,4
"Tuesday, 19 July",Telugu Titans beat Dabang Delhi K.C. (36-28),4
"Tuesday, 19 July",Bengaluru Bulls beat Bengal Warriors (27-25),4
"Wednesday, 20 July",U Mumba beat Puneri Paltan (34-31),4
"Thursday, 21 July",Jaipur Pink Panthers beat Dabang Delhi K.C. (24-22),4
"Thursday, 21 July",Match Tied,4
"Friday, 22 July",Jaipur Pink Panthers beat Patna Pirates (29-22),4
"Friday, 22 July",Bengal Warriors beat U Mumba (31-27),4
"Saturday, 23 July",Patna Pirates beat Puneri Paltan (31-28),4
"Saturday, 23 July",Bengaluru Bulls beat U Mumba (28-27),4
"Sunday, 24 July",Dabang Delhi K.C. beat Bengal Warriors (41-20),4
"Sunday, 24 July",Telugu Titans beat Jaipur Pink Panthers (35-23),4
"Monday, 25 July",Patna Pirates beat Dabang Delhi K.C. (32-31),4
"Tuesday, 26 July",Telugu Titans beat Patna Pirates (46-25),4
"Tuesday, 26 July",Puneri Paltan beat Dabang Delhi K.C. (39-34),4
"Wednesday, 27 July",Puneri Paltan beat Bengaluru Bulls (36-33),4
"Wednesday, 27 July",U Mumba beat Dabang Delhi K.C. (38-34),4
"Friday, 29 July",Patna Pirates beat Puneri Paltan (37-33),4
"Friday, 29 July",Jaipur Pink Panthers beat Telugu Titans (34-24),4
"Sunday, 31 July",Puneri Paltan beat Telugu Titans (40-35),4
"Sunday, 31 July",Patna Pirates beat Jaipur Pink Panthers (37-29),4
"Friday, 28 July",Puneri Paltan beat U Mumba (33-21),5
"Saturday, 29 July",Dabang Delhi K.C. beat Jaipur Pink Panthers (30-26),5
"Saturday, 29 July",Patna Pirates beat Telugu Titans (35-29),5
"Sunday, 30 July",U Mumba beat Haryana Steelers (29-28),5
"Sunday, 30 July",Bengaluru Bulls beat Telugu Titans (31-21),5
"Tuesday, 01 August",Gujarat Fortunegiants beat Dabang Delhi K.C. (26-20),5
"Tuesday, 01 August",U.P. Yoddha beat Telugu Titans (31-18),5
"Wednesday, 02 August",Match Tied,5
"Wednesday, 02 August",Bengal Warriors beat Telugu Titans (30-24),5
"Thursday, 03 August",Patna Pirates beat Telugu Titans (43-36),5
"Friday, 04 August",Bengaluru Bulls beat Tamil Thalaivas (32-31),5
"Friday, 04 August",Puneri Paltan beat Dabang Delhi K.C. (26-21),5
"Saturday, 05 August",U Mumba beat Dabang Delhi K.C. (36-22),5
"Saturday, 05 August",U.P. Yoddha beat Bengaluru Bulls (32-27),5
"Sunday, 06 August",Bengal Warriors beat U.P. Yoddha (40-20),5
"Sunday, 06 August",Patna Pirates beat Bengaluru Bulls (46-32),5
"Tuesday, 08 August",Haryana Steelers beat Gujarat Fortunegiants (32-20),5
"Tuesday, 08 August",Match Tied,5
"Wednesday, 09 August",Bengaluru Bulls beat Bengal Warriors (31-25),5
"Thursday, 10 August",Jaipur Pink Panthers beat Puneri Paltan (30-28),5
"Thursday, 10 August",Tamil Thalaivas beat Bengaluru Bulls (29-24),5
"Friday, 11 August",Gujarat Fortunegiants beat U Mumba (39-21),5
"Saturday, 12 August",U.P. Yoddha beat Telugu Titans (39-32),5
"Saturday, 12 August",Gujarat Fortunegiants beat Dabang Delhi K.C. (29-25),5
"Sunday, 13 August",Match Tied,5
"Sunday, 13 August",Gujarat Fortunegiants beat Jaipur Pink Panthers (27-20),5
"Tuesday, 15 August",Puneri Paltan beat Bengal Warriors (34-17),5
"Tuesday, 15 August",Gujarat Fortunegiants beat Bengaluru Bulls (27-24),5
"Wednesday, 16 August",Match Tied,5
"Wednesday, 16 August",Gujarat Fortunegiants beat Telugu Titans (29-19),5
"Thursday, 17 August",Dabang Delhi K.C. beat Tamil Thalaivas (30-29),5
"Thursday, 17 August",Match Tied,5
"Friday, 18 August",U Mumba beat U.P. Yoddha (37-34),5
"Friday, 18 August",Jaipur Pink Panthers beat Bengaluru Bulls (30-28),5
"Saturday, 19 August",Telugu Titans beat U Mumba (37-32),5
"Saturday, 19 August",Haryana Steelers beat U.P. Yoddha (36-29),5
"Sunday, 20 August",Puneri Paltan beat Patna Pirates (47-42),5
"Sunday, 20 August",Jaipur Pink Panthers beat U.P. Yoddha (24-22),5
"Tuesday, 22 August",Gujarat Fortunegiants beat Puneri Paltan (35-21),5
"Tuesday, 22 August",Bengal Warriors beat U.P. Yoddha (32-31),5
"Wednesday, 23 August",Haryana Steelers beat Dabang Delhi K.C. (27-25),5
"Wednesday, 23 August",Match Tied,5
"Thursday, 24 August",U.P. Yoddha beat Telugu Titans (25-23),5
"Friday, 25 August",Jaipur Pink Panthers beat U Mumba (39-36),5
"Friday, 25 August",Match Tied,5
"Saturday, 26 August",Patna Pirates beat Tamil Thalaivas (35-24),5
"Saturday, 26 August",Puneri Paltan beat U Mumba (26-24),5
"Sunday, 27 August",Bengal Warriors beat Bengaluru Bulls (32-26),5
"Sunday, 27 August",Dabang Delhi K.C. beat U Mumba (33-32),5
"Wednesday, 30 August",U Mumba beat Haryana Steelers (38-32),5
"Thursday, 31 August",Telugu Titans beat Tamil Thalaivas (33-28),5
"Thursday, 31 August",U Mumba beat Jaipur Pink Panthers (36-32),5
"Friday, 01 September",Bengal Warriors beat Patna Pirates (41-38),5
"Saturday, 02 September",Haryana Steelers beat Gujarat Fortunegiants (42-36),5
"Saturday, 02 September",Match Tied,5
"Sunday, 03 September",Jaipur Pink Panthers beat Gujarat Fortunegiants (31-25),5
"Sunday, 03 September",Bengal Warriors beat Tamil Thalaivas (29-25),5
"Tuesday, 05 September",Patna Pirates beat Jaipur Pink Panthers (47-21),5
"Tuesday, 05 September",Haryana Steelers beat Bengal Warriors (36-29),5
"Wednesday, 06 September",Dabang Delhi K.C. beat Bengaluru Bulls (38-30),5
"Wednesday, 06 September",U Mumba beat Bengal Warriors (37-31),5
"Thursday, 07 September",Puneri Paltan beat Telugu Titans (42-37),5
"Thursday, 07 September",Match Tied,5
"Friday, 08 September",Match Tied,5
"Friday, 08 September",Match Tied,5
"Saturday, 09 September",U Mumba beat Patna Pirates (51-41),5
"Saturday, 09 September",Haryana Steelers beat Bengaluru Bulls (38-31),5
"Sunday, 10 September",Bengaluru Bulls beat Puneri Paltan (24-20),5
"Sunday, 10 September",Telugu Titans beat Haryana Steelers (37-19),5
"Tuesday, 12 September",Bengal Warriors beat Telugu Titans (32-31),5
"Tuesday, 12 September",Haryana Steelers beat Dabang Delhi K.C. (27-24),5
"Wednesday, 13 September",Tamil Thalaivas beat U.P. Yoddha (34-33),5
"Wednesday, 13 September",Puneri Paltan beat Haryana Steelers (38-22),5
"Thursday, 14 September",Match Tied,5
"Friday, 15 September",Patna Pirates beat Telugu Titans (46-30),5
"Friday, 15 September",Gujarat Fortunegiants beat U Mumba (39-28),5
"Saturday, 16 September",Match Tied,5
"Saturday, 16 September",Patna Pirates beat U.P. Yoddha (45-42),5
"Sunday, 17 September",Jaipur Pink Panthers beat Dabang Delhi K.C. (36-25),5
"Sunday, 17 September",Match Tied,5
"Tuesday, 19 September",Puneri Paltan beat Haryana Steelers (37-25),5
"Tuesday, 19 September",Patna Pirates beat Bengaluru Bulls (36-32),5
"Wednesday, 20 September",Gujarat Fortunegiants beat U Mumba (45-23),5
"Wednesday, 20 September",Patna Pirates beat Tamil Thalaivas (41-39),5
"Thursday, 21 September",Haryana Steelers beat Jaipur Pink Panthers (30-26),5
"Thursday, 21 September",U.P. Yoddha beat Patna Pirates (46-41),5
"Friday, 22 September",U Mumba beat Dabang Delhi K.C. (30-28),5
"Saturday, 23 September",Bengal Warriors beat Bengaluru Bulls (33-29),5
"Saturday, 23 September",Puneri Paltan beat Dabang Delhi K.C. (34-29),5
"Sunday, 24 September",Tamil Thalaivas beat Bengal Warriors (33-32),5
"Sunday, 24 September",Haryana Steelers beat Dabang Delhi K.C. (42-24),5
"Tuesday, 26 September",Tamil Thalaivas beat Gujarat Fortunegiants (35-34),5
"Tuesday, 26 September",Patna Pirates beat Dabang Delhi K.C. (36-34),5
"Wednesday, 27 September",Telugu Titans beat Jaipur Pink Panthers (41-34),5
"Wednesday, 27 September",U.P. Yoddha beat Dabang Delhi K.C. (45-16),5
"Thursday, 28 September",U Mumba beat Bengaluru Bulls (42-30),5
"Thursday, 28 September",Telugu Titans beat Dabang Delhi K.C. (44-22),5
"Friday, 29 September",Puneri Paltan beat Tamil Thalaivas (33-20),5
"Friday, 29 September",Gujarat Fortunegiants beat Patna Pirates (30-29),5
"Saturday, 30 September",Puneri Paltan beat U.P. Yoddha (34-33),5
"Saturday, 30 September",Jaipur Pink Panthers beat Tamil Thalaivas (27-26),5
"Sunday, 01 October",Bengal Warriors beat Jaipur Pink Panthers (32-31),5
"Sunday, 01 October",U Mumba beat Tamil Thalaivas (33-30),5
"Tuesday, 03 October",Gujarat Fortunegiants beat Dabang Delhi K.C. (42-22),5
"Tuesday, 03 October",Telugu Titans beat Tamil Thalaivas (58-37),5
"Wednesday, 04 October",Haryana Steelers beat U Mumba (41-30),5
"Wednesday, 04 October",U.P. Yoddha beat Tamil Thalaivas (37-33),5
"Thursday, 05 October",Bengaluru Bulls beat Tamil Thalaivas (45-35),5
"Friday, 06 October",Gujarat Fortunegiants beat Jaipur Pink Panthers (29-23),5
"Friday, 06 October",Bengal Warriors beat Puneri Paltan (25-19),5
"Saturday, 07 October",Haryana Steelers beat Telugu Titans (32-30),5
"Saturday, 07 October",Jaipur Pink Panthers beat U Mumba (36-32),5
"Sunday, 08 October",Gujarat Fortunegiants beat Patna Pirates (33-29),5
"Sunday, 08 October",Puneri Paltan beat Jaipur Pink Panthers (38-30),5
"Tuesday, 10 October",Tamil Thalaivas beat U Mumba (38-35),5
"Tuesday, 10 October",Dabang Delhi K.C. beat Jaipur Pink Panthers (35-34),5
"Wednesday, 11 October",Bengaluru Bulls beat Dabang Delhi K.C. (35-32),5
"Wednesday, 11 October",Haryana Steelers beat Jaipur Pink Panthers (37-27),5
"Thursday, 12 October",U.P. Yoddha beat Jaipur Pink Panthers (53-32),5
"Friday, 13 October",Gujarat Fortunegiants beat Puneri Paltan (44-20),5
"Friday, 13 October",Bengal Warriors beat Tamil Thalaivas (34-30),5
"Saturday, 14 October",Tamil Thalaivas beat Patna Pirates (40-37),5
"Saturday, 14 October",Puneri Paltan beat U Mumba (43-24),5
"Sunday, 15 October",Bengaluru Bulls beat U.P. Yoddha (38-32),5
"Sunday, 15 October",Puneri Paltan beat Dabang Delhi K.C. (34-31),5
"Tuesday, 17 October",Bengaluru Bulls beat U.P. Yoddha (64-24),5
"Tuesday, 17 October",Haryana Steelers beat Puneri Paltan (31-27),5
"Wednesday, 18 October",Match Tied,5
"Wednesday, 18 October",Puneri Paltan beat Jaipur Pink Panthers (38-15),5
"Friday, 20 October",Match Tied,5
"Friday, 20 October",Gujarat Fortunegiants beat Puneri Paltan (23-22),5
"Monday, 23 October",Puneri Paltan beat U.P. Yoddha (40-38),5
"Monday, 23 October",Patna Pirates beat Haryana Steelers (69-30),5
"Tuesday, 24 October",Gujarat Fortunegiants beat Bengal Warriors (42-17),5
"Tuesday, 24 October",Patna Pirates beat Puneri Paltan (42-32),5
"Thursday, 26 October",Patna Pirates beat Bengal Warriors (47-44),5
"Saturday, 28 October",Patna Pirates beat Gujarat Fortunegiants (55-38),5
"Sunday, 07 October",Tamil Thalaivas beat Patna Pirates (42-26),6
"Sunday, 07 October",Match Tied,6
"Monday, 08 October",Puneri Paltan beat Haryana Steelers (34-22),6
"Monday, 08 October",U.P. Yoddha beat Tamil Thalaivas (37-32),6
"Tuesday, 09 October",Match Tied,6
"Tuesday, 09 October",Telugu Titans beat Tamil Thalaivas (33-28),6
"Wednesday, 10 October",U Mumba beat Jaipur Pink Panthers (39-32),6
"Wednesday, 10 October",Bengaluru Bulls beat Tamil Thalaivas (48-37),6
"Thursday, 11 October",Patna Pirates beat U.P. Yoddha (43-41),6
"Thursday, 11 October",Bengal Warriors beat Tamil Thalaivas (36-27),6
"Friday, 12 October",Haryana Steelers beat Gujarat Fortunegiants (32-25),6
"Friday, 12 October",Dabang Delhi K.C. beat Puneri Paltan (41-37),6
"Saturday, 13 October",Telugu Titans beat U.P. Yoddha (34-29),6
"Saturday, 13 October",U Mumba beat Haryana Steelers (53-26),6
"Sunday, 14 October",Patna Pirates beat U.P. Yoddha (43-37),6
"Sunday, 14 October",Puneri Paltan beat Haryana Steelers (45-27),6
"Tuesday, 16 October",Bengal Warriors beat Telugu Titans (30-25),6
"Tuesday, 16 October",Jaipur Pink Panthers beat Haryana Steelers (36-33),6
"Wednesday, 17 October",Bengaluru Bulls beat Tamil Thalaivas (44-35),6
"Wednesday, 17 October",U Mumba beat Haryana Steelers (42-32),6
"Thursday, 18 October",Haryana Steelers beat Dabang Delhi K.C. (34-31),6
"Thursday, 18 October",Gujarat Fortunegiants beat Puneri Paltan (34-28),6
"Friday, 19 October",Telugu Titans beat Patna Pirates (35-31),6
"Friday, 19 October",Puneri Paltan beat Jaipur Pink Panthers (29-25),6
"Saturday, 20 October",Match Tied,6
"Saturday, 20 October",Puneri Paltan beat U Mumba (33-32),6
"Sunday, 21 October",Dabang Delhi K.C. beat Bengal Warriors (39-30),6
"Sunday, 21 October",Puneri Paltan beat Bengaluru Bulls (27-25),6
"Tuesday, 23 October",U Mumba beat Telugu Titans (41-20),6
"Tuesday, 23 October",Tamil Thalaivas beat Puneri Paltan (36-31),6
"Wednesday, 24 October",Bengaluru Bulls beat Haryana Steelers (42-34),6
"Wednesday, 24 October",U.P. Yoddha beat Puneri Paltan (29-23),6
"Friday, 26 October",Patna Pirates beat Jaipur Pink Panthers (41-30),6
"Friday, 26 October",Gujarat Fortunegiants beat Tamil Thalaivas (36-25),6
"Saturday, 27 October",Bengal Warriors beat Jaipur Pink Panthers (39-28),6
"Saturday, 27 October",U Mumba beat Patna Pirates (40-39),6
"Sunday, 28 October",U.P. Yoddha beat Dabang Delhi K.C. (38-36),6
"Sunday, 28 October",Haryana Steelers beat Patna Pirates (43-32),6
"Tuesday, 30 October",Gujarat Fortunegiants beat Puneri Paltan (37-27),6
"Tuesday, 30 October",Telugu Titans beat Patna Pirates (53-32),6
"Wednesday, 31 October",Puneri Paltan beat Dabang Delhi K.C. (31-27),6
"Wednesday, 31 October",Bengaluru Bulls beat Patna Pirates (43-41),6
"Thursday, 01 November",Patna Pirates beat Bengal Warriors (29-27),6
"Friday, 02 November",Tamil Thalaivas beat U.P. Yoddha (46-24),6
"Friday, 02 November",Gujarat Fortunegiants beat Jaipur Pink Panthers (36-25),6
"Saturday, 03 November",U Mumba beat Puneri Paltan (31-22),6
"Saturday, 03 November",Bengaluru Bulls beat U.P. Yoddha (35-29),6
"Sunday, 04 November",Gujarat Fortunegiants beat Dabang Delhi K.C. (45-38),6
"Sunday, 04 November",Match Tied,6
"Tuesday, 06 November",Jaipur Pink Panthers beat Haryana Steelers (38-32),6
"Tuesday, 06 November",Match Tied,6
"Thursday, 08 November",Dabang Delhi K.C. beat Haryana Steelers (39-33),6
"Thursday, 08 November",Bengaluru Bulls beat U.P. Yoddha (37-27),6
"Friday, 09 November",U Mumba beat Jaipur Pink Panthers (48-24),6
"Friday, 09 November",Bengal Warriors beat Telugu Titans (30-25),6
"Saturday, 10 November",Patna Pirates beat Bengal Warriors (50-30),6
"Saturday, 10 November",Gujarat Fortunegiants beat U Mumba (38-36),6
"Sunday, 11 November",Dabang Delhi K.C. beat Jaipur Pink Panthers (40-29),6
"Sunday, 11 November",Haryana Steelers beat U Mumba (35-31),6
"Tuesday, 13 November",Telugu Titans beat Puneri Paltan (28-25),6
"Tuesday, 13 November",U Mumba beat U.P. Yoddha (41-24),6
"Wednesday, 14 November",Match Tied,6
"Wednesday, 14 November",U Mumba beat Bengaluru Bulls (32-29),6
"Thursday, 15 November",Patna Pirates beat Dabang Delhi K.C. (38-35),6
"Thursday, 15 November",U Mumba beat Tamil Thalaivas (36-22),6
"Friday, 16 November",Gujarat Fortunegiants beat Bengal Warriors (35-23),6
"Friday, 16 November",Jaipur Pink Panthers beat U.P. Yoddha (45-28),6
"Saturday, 17 November",Bengal Warriors beat Puneri Paltan (26-22),6
"Saturday, 17 November",Match Tied,6
"Sunday, 18 November",Bengaluru Bulls beat Jaipur Pink Panthers (45-32),6
"Sunday, 18 November",Gujarat Fortunegiants beat U.P. Yoddha (37-32),6
"Tuesday, 20 November",Tamil Thalaivas beat Telugu Titans (27-23),6
"Tuesday, 20 November",Dabang Delhi K.C. beat Gujarat Fortunegiants (29-26),6
"Wednesday, 21 November",Patna Pirates beat Tamil Thalaivas (45-27),6
"Wednesday, 21 November",Gujarat Fortunegiants beat U Mumba (39-35),6
"Thursday, 22 November",Gujarat Fortunegiants beat Haryana Steelers (40-31),6
"Friday, 23 November",Bengal Warriors beat Bengaluru Bulls (33-31),6
"Friday, 23 November",Match Tied,6
"Saturday, 24 November",U Mumba beat Dabang Delhi K.C. (39-23),6
"Saturday, 24 November",Bengaluru Bulls beat Tamil Thalaivas (36-22),6
"Sunday, 25 November",Haryana Steelers beat Dabang Delhi K.C. (34-27),6
"Sunday, 25 November",Patna Pirates beat Bengaluru Bulls (35-32),6
"Monday, 26 November",Tamil Thalaivas beat Telugu Titans (31-25),6
"Monday, 26 November",Bengaluru Bulls beat U.P. Yoddha (37-27),6
"Wednesday, 28 November",Puneri Paltan beat Haryana Steelers (35-33),6
"Wednesday, 28 November",Bengaluru Bulls beat Telugu Titans (34-26),6
"Thursday, 29 November",Gujarat Fortunegiants beat Puneri Paltan (35-20),6
"Thursday, 29 November",Bengal Warriors beat Bengaluru Bulls (44-37),6
"Friday, 30 November",Dabang Delhi K.C. beat Jaipur Pink Panthers (48-35),6
"Friday, 30 November",Match Tied,6
"Saturday, 01 December",U Mumba beat Dabang Delhi K.C. (41-34),6
"Sunday, 02 December",U Mumba beat Gujarat Fortunegiants (36-26),6
"Sunday, 02 December",Dabang Delhi K.C. beat Puneri Paltan (35-24),6
"Tuesday, 04 December",Gujarat Fortunegiants beat Patna Pirates (45-27),6
"Tuesday, 04 December",Dabang Delhi K.C. beat Telugu Titans (34-29),6
"Wednesday, 05 December",Haryana Steelers beat Bengal Warriors (35-33),6
"Wednesday, 05 December",Dabang Delhi K.C. beat Bengaluru Bulls (32-31),6
"Thursday, 06 December",U.P. Yoddha beat Haryana Steelers (30-29),6
"Thursday, 06 December",Dabang Delhi K.C. beat Tamil Thalaivas (37-33),6
"Friday, 07 December",Gujarat Fortunegiants beat Telugu Titans (29-27),6
"Friday, 07 December",Patna Pirates beat Puneri Paltan (53-36),6
"Saturday, 08 December",U Mumba beat Bengal Warriors (31-20),6
"Saturday, 08 December",Telugu Titans beat Jaipur Pink Panthers (36-26),6
"Sunday, 09 December",Jaipur Pink Panthers beat Tamil Thalaivas (37-24),6
"Sunday, 09 December",Telugu Titans beat Haryana Steelers (35-31),6
"Tuesday, 11 December",U Mumba beat Dabang Delhi K.C. (44-19),6
"Tuesday, 11 December",U.P. Yoddha beat Telugu Titans (27-20),6
"Wednesday, 12 December",Gujarat Fortunegiants beat Haryana Steelers (47-37),6
"Wednesday, 12 December",Bengaluru Bulls beat Telugu Titans (37-24),6
"Thursday, 13 December",Telugu Titans beat Patna Pirates (41-36),6
"Friday, 14 December",Jaipur Pink Panthers beat Puneri Paltan (36-23),6
"Friday, 14 December",Bengal Warriors beat Tamil Thalaivas (28-21),6
"Saturday, 15 December",Match Tied,6
"Saturday, 15 December",Match Tied,6
"Sunday, 16 December",U.P. Yoddha beat Patna Pirates (47-31),6
"Sunday, 16 December",Gujarat Fortunegiants beat Jaipur Pink Panthers (34-29),6
"Tuesday, 18 December",Bengaluru Bulls beat Telugu Titans (44-28),6
"Tuesday, 18 December",Jaipur Pink Panthers beat Haryana Steelers (39-30),6
"Wednesday, 19 December",Match Tied,6
"Wednesday, 19 December",Gujarat Fortunegiants beat Jaipur Pink Panthers (33-31),6
"Thursday, 20 December",Match Tied,6
"Friday, 21 December",Bengal Warriors beat Tamil Thalaivas (27-24),6
"Friday, 21 December",Puneri Paltan beat Telugu Titans (35-20),6
"Saturday, 22 December",U.P. Yoddha beat U Mumba (34-32),6
"Saturday, 22 December",Bengal Warriors beat Patna Pirates (39-23),6
"Sunday, 23 December",Dabang Delhi K.C. beat Bengal Warriors (37-31),6
"Tuesday, 25 December",Match Tied,6
"Tuesday, 25 December",Bengal Warriors beat Telugu Titans (39-34),6
"Wednesday, 26 December",Gujarat Fortunegiants beat Patna Pirates (37-29),6
"Wednesday, 26 December",Bengal Warriors beat Bengaluru Bulls (37-31),6
"Thursday, 27 December",Bengaluru Bulls beat Jaipur Pink Panthers (40-32),6
"Thursday, 27 December",U.P. Yoddha beat Bengal Warriors (41-25),6
"Sunday, 30 December",U.P. Yoddha beat U Mumba (34-29),6
"Sunday, 30 December",Dabang Delhi K.C. beat Bengal Warriors (39-28),6
"Monday, 31 December",Bengaluru Bulls beat Gujarat Fortunegiants (41-29),6
"Monday, 31 December",U.P. Yoddha beat Dabang Delhi K.C. (45-33),6
"Thursday, 03 January",Gujarat Fortunegiants beat U.P. Yoddha (38-31),6
"Saturday, 05 January",Bengaluru Bulls beat Gujarat Fortunegiants (38-33),6
"Sunday, 01 September",U.P. Yoddha Beat Bengal Warriors  (32-29 ),7
"Sunday, 01 September",Bengaluru Bulls Beat Tamil Thalaivas  (33-27 ),7
"Monday, 02 September",Haryana Steelers Beat Puneri Paltan  (41-27 ),7
"Monday, 02 September",Telugu Titans Beat Tamil Thalaivas  (35-30 ),7
"Wednesday, 04 September",Dabang Delhi K.C. Beat Jaipur Pink Panthers  (46-44 ),7
"Wednesday, 04 September",Bengaluru Bulls Beat Patna Pirates  (40-39 ),7
"Thursday, 05 September",Match Tied,7
"Friday, 06 September",U.P. Yoddha Beat Patna Pirates  (41-29 ),7
"Friday, 06 September",Bengaluru Bulls Beat Telugu Titans  (40-39 ),7
"Saturday, 07 September",Match Tied,7
"Saturday, 07 September",Haryana Steelers Beat Dabang Delhi K.C.  (47-25 ),7
"Sunday, 08 September",Dabang Delhi K.C. Beat Tamil Thalaivas  (50-34 ),7
"Sunday, 08 September",Bengal Warriors Beat Puneri Paltan  (42-39 ),7
"Monday, 09 September",U.P. Yoddha Beat Gujarat Fortunegiants  (33-26 ),7
"Monday, 09 September",Patna Pirates Beat Tamil Thalaivas  (51-25 ),7
"Tuesday, 10 September",U Mumba Beat Telugu Titans  (41-27 ),7
"Wednesday, 11 September",Match Tied,7
"Wednesday, 11 September",Bengal Warriors Beat U Mumba  (29-26 ),7
"Thursday, 12 September",Patna Pirates Beat Jaipur Pink Panthers  (36-33 ),7
"Thursday, 12 September",Bengal Warriors Beat Bengaluru Bulls  (42-40 ),7
"Saturday, 14 September",Puneri Paltan Beat Gujarat Fortunegiants  (43-33 ),7
"Saturday, 14 September",Haryana Steelers Beat Tamil Thalaivas  (43-35 ),7
"Sunday, 15 September",Dabang Delhi K.C. Beat Gujarat Fortunegiants  (34-30 ),7
"Sunday, 15 September",Patna Pirates Beat Puneri Paltan  (55-33 ),7
"Monday, 16 September",U.P. Yoddha Beat Jaipur Pink Panthers  (38-32 ),7
"Monday, 16 September",Dabang Delhi K.C. Beat Telugu Titans  (37-29 ),7
"Wednesday, 18 September",U Mumba Beat U.P. Yoddha  (39-36 ),7
"Wednesday, 18 September",Match Tied,7
"Thursday, 19 September",Bengal Warriors Beat Haryana Steelers  (48-36 ),7
"Friday, 20 September",Match Tied,7
"Friday, 20 September",Puneri Paltan Beat Bengaluru Bulls  (42-38 ),7
"Saturday, 21 September",Match Tied,7
"Saturday, 21 September",U.P. Yoddha Beat Tamil Thalaivas  (42-22 ),7
"Sunday, 22 September",U Mumba Beat Gujarat Fortunegiants  (31-25 ),7
"Sunday, 22 September",Bengal Warriors Beat Jaipur Pink Panthers  (41-40 ),7
"Monday, 23 September",Haryana Steelers Beat Patna Pirates  (39-34 ),7
"Monday, 23 September",Match Tied,7
"Wednesday, 25 September",Bengal Warriors Beat Telugu Titans  (40-39 ),7
"Wednesday, 25 September",Jaipur Pink Panthers Beat Puneri Paltan  (43-34 ),7
"Thursday, 26 September",Dabang Delhi K.C. Beat Patna Pirates  (43-39 ),7
"Friday, 27 September",Bengaluru Bulls Beat U Mumba  (35-33 ),7
"Friday, 27 September",Telugu Titans Beat Jaipur Pink Panthers  (51-31 ),7
"Saturday, 28 September",U.P. Yoddha Beat Haryana Steelers  (37-30 ),7
"Saturday, 28 September",Gujarat Fortunegiants Beat Tamil Thalaivas  (50-21 ),7
"Sunday, 29 September",Dabang Delhi K.C. Beat Puneri Paltan  (60-40 ),7
"Sunday, 29 September",Haryana Steelers Beat Gujarat Fortunegiants  (38-37 ),7
"Monday, 30 September",Bengal Warriors Beat Dabang Delhi K.C.  (42-33 ),7
"Monday, 30 September",U Mumba Beat Tamil Thalaivas  (36-32 ),7
