player_name,season,matches_played,team,avg-raid
Naveen Kumar,1,20,dabang-delhi-kc,12.8
Pardeep Narwal,1,19,patna-pirates,12.79
Pawan Kumar Sehrawat,1,19,bengaluru-bulls,12.74
Maninder Singh,1,20,bengal-warriors,10.25
Siddharth Sirish Desai,1,18,telugu-titans,9.67
Vikash Kandola,1,16,haryana-steelers,9.56
Deepak Niwas Hooda,1,20,jaipur-pink-panthers,7.3
Abhishek Singh,1,17,u-mumba,6.94
Pankaj Mohite,1,16,puneri-paltan,6.88
V. Ajith Kumar,1,17,tamil-thalaivas,6.69
Shrikant Jadhav,1,18,up-yoddha,6.33
Rahul Chaudhari,1,20,tamil-thalaivas,5.9
Rohit Gulia,1,20,gujarat-fortunegiants,5.9
K. Prapanjan,1,18,bengal-warriors,5.82
Chandran Ranjit,1,19,dabang-delhi-kc,5.58
Sachin Tanwar,1,16,gujarat-fortunegiants,5.25
Manjeet,1,20,puneri-paltan,5.2
Rohit Kumar,1,17,bengaluru-bulls,5.18
Vinay,1,19,haryana-steelers,4.84
Arjun Deshwal,1,16,u-mumba,4.75
Nitin Tomar,1,13,puneri-paltan,4.5
Ajay Thakur,1,13,tamil-thalaivas,4.46
Prashanth Kumar Rai,1,13,haryana-steelers,4.46
Monu Goyat,1,10,up-yoddha,4.3
Rajnish,1,10,telugu-titans,4.3
Pawan Kumar Kadian,1,6,puneri-paltan,4.17
Suraj Desai,1,12,telugu-titans,4
Naveen,1,14,haryana-steelers,4
Emad Sedaghatnia,1,2,puneri-paltan,4
Jang Kun Lee,1,13,patna-pirates,3.77
Mohammad Esmaeil Nabibakhsh,1,20,bengal-warriors,3.75
Surender Gill,1,15,up-yoddha,3.6
Sonu Jaglan,1,15,gujarat-fortunegiants,3.47
Athul MS,1,15,u-mumba,3.4
Rishank Devadiga,1,14,up-yoddha,3.29
Deepak Narwal,1,17,jaipur-pink-panthers,3.24
Nilesh Salunke,1,17,jaipur-pink-panthers,3.12
Sukesh Hegde,1,13,bengal-warriors,3.08
Rakesh Narwal,1,2,bengal-warriors,3
Rohit Baliyan,1,16,u-mumba,2.75
Sushil Gulia,1,7,jaipur-pink-panthers,2.71
Amit Kumar,1,6,puneri-paltan,2.67
More GB,1,17,gujarat-fortunegiants,2.53
Surender Singh,1,4,up-yoddha,2.5
Nitin Rawal,1,15,jaipur-pink-panthers,2.46
Rakesh Gowda,1,9,telugu-titans,2.44
Sumit Singh,1,15,bengaluru-bulls,2.4
Meraj Sheykh,1,13,dabang-delhi-kc,2.31
Vijay,1,19,dabang-delhi-kc,2.22
Dong Geon Lee,1,5,u-mumba,2.2
Gurvinder Singh,1,2,gujarat-fortunegiants,2
Victor Onyango Obiero,1,3,tamil-thalaivas,2
Ankush,1,3,up-yoddha,2
Mohammad Esmaeil Maghsoudlou Mahalli,1,17,patna-pirates,1.94
Selvamani K,1,7,haryana-steelers,1.83
Banty,1,11,bengaluru-bulls,1.8
Amit Kumar,1,3,patna-pirates,1.67
Shabeer Bappu,1,14,tamil-thalaivas,1.57
Azad Singh,1,4,up-yoddha,1.5
Armaan,1,6,telugu-titans,1.5
Farhad Rahimi Milaghardan,1,18,telugu-titans,1.47
Ajinkya Ashok Pawar,1,14,jaipur-pink-panthers,1.46
Amit Kumar,1,13,puneri-paltan,1.42
Sushant Sail,1,9,puneri-paltan,1.33
Harmanjit Singh,1,4,gujarat-fortunegiants,1.25
Anand,1,5,tamil-thalaivas,1.2
Ankit Beniwal,1,6,telugu-titans,1.17
Vineet Sharma,1,11,tamil-thalaivas,1.13
Sandeep Narwal,1,19,u-mumba,1.06
Darshan Kadian,1,7,puneri-paltan,1
Abolfazl Maghsodloumahali,1,6,gujarat-fortunegiants,1
Sachin Narwal,1,12,jaipur-pink-panthers,1
Aman Kadian,1,3,dabang-delhi-kc,1
Ran Singh,1,19,tamil-thalaivas,0.9
Surinder Singh,1,19,u-mumba,0.8
Purna Singh,1,6,patna-pirates,0.8
Monu,1,19,patna-pirates,0.79
Vinod Kumar,1,9,gujarat-fortunegiants,0.75
Vikas Jaglan,1,19,patna-pirates,0.75
Ashish,1,7,patna-pirates,0.71
Yashwant Bishnoi,1,3,tamil-thalaivas,0.67
Palle Mallikarjun,1,3,telugu-titans,0.67
Mohsen Maghsoudloujafari,1,11,up-yoddha,0.63
Hadi Oshtorak,1,19,patna-pirates,0.62
Sumit,1,18,up-yoddha,0.5
Lalit Chaudhary,1,4,gujarat-fortunegiants,0.5
Hemant Chauhan,1,3,tamil-thalaivas,0.5
Mohit Sehrawat,1,13,bengaluru-bulls,0.42
Manjeet Chhillar,1,15,tamil-thalaivas,0.36
Dharmaraj Cheralathan,1,17,haryana-steelers,0.33
Amit Kumar,1,9,telugu-titans,0.33
Amit,1,18,up-yoddha,0.33
Hadi Tajik,1,12,puneri-paltan,0.33
Ravindra Ramesh Kumawat,1,3,bengal-warriors,0.33
PO Surjeet Singh,1,19,puneri-paltan,0.25
Fazel Atrachali,1,19,u-mumba,0.22
Abozar Mohajermighani,1,18,telugu-titans,0.2
Ashish Kumar,1,7,bengaluru-bulls,0.17
Shubham Shinde,1,13,puneri-paltan,0.17
Sunil Kumar,1,18,gujarat-fortunegiants,0.14
Vishal Bhardwaj,1,18,telugu-titans,0
Mahender Singh,1,16,bengaluru-bulls,0
R. Sriram,1,1,puneri-paltan,0
Sachin Kumar,1,12,up-yoddha,0
Ravi Kumar,1,17,haryana-steelers,0
Krushna Madane,1,9,telugu-titans,0
Ankit,1,7,bengaluru-bulls,0
Kamal Singh,1,3,telugu-titans,0
