player_name,season,matches_played,team,successful-tackles
Sandeep Kumar Dhull,1,20,jaipur-pink-panthers,60
Sumit,1,18,up-yoddha,60
Ravinder Pahal,1,20,dabang-delhi-kc,57
Fazel Atrachali,1,19,u-mumba,57
Baldev Singh,1,20,bengal-warriors,54
Vishal Bhardwaj,1,18,telugu-titans,52
Rinku Narwal,1,20,bengal-warriors,51
Neeraj Kumar,1,19,patna-pirates,47
Parvesh Bhainswal,1,20,gujarat-fortunegiants,46
PO Surjeet Singh,1,19,puneri-paltan,46
Jaideep,1,19,patna-pirates,45
Sunil,1,17,haryana-steelers,45
Nitesh Kumar,1,18,up-yoddha,44
Surinder Singh,1,19,u-mumba,43
Saurabh Nandal,1,18,bengaluru-bulls,42
Joginder Singh Narwal,1,20,dabang-delhi-kc,42
Sunil Kumar,1,18,gujarat-fortunegiants,40
Amit Sheoran,1,19,bengaluru-bulls,40
Mahender Singh,1,16,bengaluru-bulls,39
Dharmaraj Cheralathan,1,17,haryana-steelers,37
Sandeep Narwal,1,19,u-mumba,37
Vikas Kale,1,18,haryana-steelers,36
Abozar Mohajermighani,1,18,telugu-titans,36
Ravi Kumar,1,17,haryana-steelers,35
Manjeet Chhillar,1,15,tamil-thalaivas,35
Mohit Chhillar,1,18,tamil-thalaivas,34
Vishal,1,14,jaipur-pink-panthers,34
Amit Hooda,1,14,jaipur-pink-panthers,33
Jeeva Kumar,1,19,bengal-warriors,31
Ashu Singh,1,18,up-yoddha,30
Ran Singh,1,19,tamil-thalaivas,29
Hadi Oshtorak,1,19,patna-pirates,29
Anil Kumar,1,16,dabang-delhi-kc,29
Girish Maruti Ernak,1,15,puneri-paltan,28
Jadhav Balasaheb Shahaji,1,18,puneri-paltan,28
Farhad Rahimi Milaghardan,1,18,telugu-titans,27
Manjeet,1,20,puneri-paltan,26
Vishal Mane,1,20,dabang-delhi-kc,24
Mohammad Esmaeil Nabibakhsh,1,20,bengal-warriors,23
Pankaj,1,9,gujarat-fortunegiants,21
Amit,1,18,up-yoddha,21
More GB,1,17,gujarat-fortunegiants,20
Amit Kumar,1,13,puneri-paltan,19
Monu,1,19,patna-pirates,18
Harendra Kumar,1,17,u-mumba,18
C. Arun,1,18,telugu-titans,18
Vikas Jaglan,1,19,patna-pirates,16
Hadi Tajik,1,12,puneri-paltan,15
Shubham Shinde,1,13,puneri-paltan,15
Nitin Rawal,1,15,jaipur-pink-panthers,15
Ruturaj Shivaji Koravi,1,15,gujarat-fortunegiants,15
Sumit Malik,1,14,gujarat-fortunegiants,14
Ajeet,1,14,tamil-thalaivas,13
Pawan Kumar Sehrawat,1,19,bengaluru-bulls,13
Santhapanaselvam,1,8,jaipur-pink-panthers,13
Sagar,1,11,tamil-thalaivas,12
M. Abishek,1,7,tamil-thalaivas,11
Ankit,1,12,gujarat-fortunegiants,11
Vijay,1,19,dabang-delhi-kc,11
Sagar B Krishna,1,12,puneri-paltan,11
Deepak Niwas Hooda,1,20,jaipur-pink-panthers,10
Pavan T. R.,1,15,jaipur-pink-panthers,10
Mohit Sehrawat,1,13,bengaluru-bulls,10
Kuldeep Singh,1,9,haryana-steelers,8
Rohit Gulia,1,20,gujarat-fortunegiants,8
Rahul Chaudhari,1,20,tamil-thalaivas,8
Amit Kumar,1,9,telugu-titans,8
Saeid Ghaffari,1,9,dabang-delhi-kc,8
Viraj Vishnu Landge,1,8,bengal-warriors,7
Surender Gill,1,15,up-yoddha,7
Sanket Sawant,1,5,puneri-paltan,7
Mayur Shivtarkar,1,7,bengal-warriors,6
Sunil Siddhgavali,1,14,jaipur-pink-panthers,6
Rakesh Gowda,1,9,telugu-titans,6
Vineet Sharma,1,11,tamil-thalaivas,6
Krushna Madane,1,9,telugu-titans,6
Shabeer Bappu,1,14,tamil-thalaivas,6
Mohammad Esmaeil Maghsoudlou Mahalli,1,17,patna-pirates,5
Jawahar Dagar,1,7,patna-pirates,5
Nitin Tomar,1,13,puneri-paltan,5
Chand Singh,1,9,haryana-steelers,5
Ankit,1,7,bengaluru-bulls,5
Vinay,1,19,haryana-steelers,4
Vinod Kumar,1,9,gujarat-fortunegiants,4
Vijay Kumar,1,9,bengaluru-bulls,4
Rohit Kumar,1,17,bengaluru-bulls,4
Vikash Kandola,1,16,haryana-steelers,4
Young Chang Ko,1,10,u-mumba,4
Shrikant Jadhav,1,18,up-yoddha,3
Chandran Ranjit,1,19,dabang-delhi-kc,3
Rohit Baliyan,1,16,u-mumba,3
Ashish Kumar,1,7,bengaluru-bulls,3
Sachin Kumar,1,12,up-yoddha,3
Siddharth Sirish Desai,1,18,telugu-titans,3
Banty,1,11,bengaluru-bulls,3
Parveen,1,6,haryana-steelers,3
Adarsh T,1,9,bengal-warriors,3
Ponparthiban Subramanian,1,7,tamil-thalaivas,3
Sonu Jaglan,1,15,gujarat-fortunegiants,3
Elavarasan A,1,3,jaipur-pink-panthers,3
Pankaj Mohite,1,16,puneri-paltan,3
Ravinder,1,5,patna-pirates,2
Gurdeep,1,2,up-yoddha,2
Arjun Deshwal,1,16,u-mumba,2
Rajnish,1,10,telugu-titans,2
Ajay,1,9,bengaluru-bulls,2
Naveen,1,14,haryana-steelers,2
Naveen Kumar,1,20,dabang-delhi-kc,2
Lalit Chaudhary,1,4,gujarat-fortunegiants,2
Kamal Singh,1,3,telugu-titans,2
Amit Kharb,1,5,gujarat-fortunegiants,2
Sandeep,1,1,puneri-paltan,2
K. Prapanjan,1,18,bengal-warriors,2
Selvamani K,1,7,haryana-steelers,2
Rajaguru Subramanian,1,5,u-mumba,2
Mohsen Maghsoudloujafari,1,11,up-yoddha,2
Monu Goyat,1,10,up-yoddha,2
Sumit Singh,1,15,bengaluru-bulls,2
Nilesh Salunke,1,17,jaipur-pink-panthers,2
Darshan Kadian,1,7,puneri-paltan,1
Ravindra Ramesh Kumawat,1,3,bengal-warriors,1
Sombir,1,8,dabang-delhi-kc,1
Mohammad Taghi Paein Mahali,1,3,bengal-warriors,1
Rishank Devadiga,1,14,up-yoddha,1
Jang Kun Lee,1,13,patna-pirates,1
Sukesh Hegde,1,13,bengal-warriors,1
Suraj Desai,1,12,telugu-titans,1
Deepak Narwal,1,17,jaipur-pink-panthers,1
Meraj Sheykh,1,13,dabang-delhi-kc,1
Surender Singh,1,4,up-yoddha,1
Sachin Tanwar,1,16,gujarat-fortunegiants,1
Mohit Balyan,1,1,u-mumba,1
Ankush,1,3,up-yoddha,1
Ankit Beniwal,1,6,telugu-titans,1
Victor Onyango Obiero,1,3,tamil-thalaivas,1
Abhishek Singh,1,17,u-mumba,1
Sumit,1,2,dabang-delhi-kc,1
Naveen Narwal,1,3,bengal-warriors,1
Amit Kumar,1,6,puneri-paltan,1
Hemant Chauhan,1,3,tamil-thalaivas,1
Aman Kadian,1,3,dabang-delhi-kc,1
Sushil Gulia,1,7,jaipur-pink-panthers,1
Aman,1,2,bengaluru-bulls,1
Satywan,1,1,dabang-delhi-kc,1
Himanshu,1,3,tamil-thalaivas,1
Sachin Narwal,1,12,jaipur-pink-panthers,1
