player_name,season,matches_played,team,avg-raid
Pardeep Narwal,1,104,patna-pirates,10.69
Naveen Kumar,1,42,dabang-delhi-kc,10.19
Siddharth Sirish Desai,1,39,telugu-titans,10.05
Maninder Singh,1,79,bengal-warriors,9.25
Pawan Kumar Sehrawat,1,75,bengaluru-bulls,8.03
Rahul Chaudhari,1,120,tamil-thalaivas,7.86
Vikash Kandola,1,51,haryana-steelers,7.57
Rohit Kumar,1,89,bengaluru-bulls,7.55
Deepak Niwas Hooda,1,123,jaipur-pink-panthers,6.96
Pankaj Mohite,1,16,puneri-paltan,6.88
Sachin Tanwar,1,63,gujarat-fortunegiants,6.87
Ajay Thakur,1,115,tamil-thalaivas,6.87
V. Ajith Kumar,1,17,tamil-thalaivas,6.69
Nitin Tomar,1,66,puneri-paltan,6.63
Monu Goyat,1,69,up-yoddha,6.57
Kashiling Adake,1,92,bengaluru-bulls,6.1
Wazir Singh,1,47,haryana-steelers,6.04
Anup Kumar,1,91,jaipur-pink-panthers,5.79
Chandran Ranjit,1,61,dabang-delhi-kc,5.18
Surjeet Narwal,1,31,bengal-warriors,5.16
Abhishek Singh,1,32,u-mumba,5.16
Shrikant Jadhav,1,72,up-yoddha,5.11
Rishank Devadiga,1,117,up-yoddha,5.09
Jasvir Singh,1,77,tamil-thalaivas,5
Vinay,1,19,haryana-steelers,4.84
Manjeet,1,42,puneri-paltan,4.55
Ravi Dalal,1,38,dabang-delhi-kc,4.55
K. Prapanjan,1,81,bengal-warriors,4.54
Jang Kun Lee,1,103,patna-pirates,4.47
Nitin Madane,1,37,u-mumba,4.46
Arjun Deshwal,1,19,u-mumba,4.21
Sonu Narwal,1,33,puneri-paltan,4.18
Naveen,1,35,haryana-steelers,4.11
Rohit Baliyan,1,68,u-mumba,4.08
Prashanth Kumar Rai,1,94,haryana-steelers,4.07
Sukesh Hegde,1,97,bengal-warriors,4.04
Suraj Desai,1,12,telugu-titans,4
Ravi V.,1,2,puneri-paltan,4
Emad Sedaghatnia,1,2,puneri-paltan,4
Nilesh Salunke,1,79,jaipur-pink-panthers,3.99
Deepak Narwal,1,81,jaipur-pink-panthers,3.89
Pravin Niwale,1,17,dabang-delhi-kc,3.88
Pawan Kumar Kadian,1,74,puneri-paltan,3.79
Ajay Kumar,1,50,gujarat-fortunegiants,3.79
Mohammad Esmaeil Nabibakhsh,1,20,bengal-warriors,3.75
Rajnish,1,14,telugu-titans,3.71
CPO Surjeet Singh,1,48,tamil-thalaivas,3.67
Rohit Gulia,1,58,gujarat-fortunegiants,3.64
Meraj Sheykh,1,95,dabang-delhi-kc,3.61
Surender Gill,1,15,up-yoddha,3.6
Sonu Jaglan,1,15,gujarat-fortunegiants,3.47
Deepak Kumar Dahiya,1,53,puneri-paltan,3.42
Mangesh Bhagat,1,8,puneri-paltan,3.38
Rakesh Kumar,1,55,telugu-titans,3.38
Rajesh Narwal,1,92,dabang-delhi-kc,3.26
Abolfazl Maghsodloumahali,1,47,gujarat-fortunegiants,3.2
Athul MS,1,38,u-mumba,3.08
More GB,1,45,gujarat-fortunegiants,3.02
Ajinkya Ashok Pawar,1,31,jaipur-pink-panthers,3
Pradeep Kumar,1,10,u-mumba,3
Nitin Rawal,1,45,jaipur-pink-panthers,2.98
Surender Singh,1,48,up-yoddha,2.96
Mahendra Ganesh Rajput,1,62,gujarat-fortunegiants,2.95
Rajesh Mondal,1,89,puneri-paltan,2.92
Shabeer Bappu,1,74,tamil-thalaivas,2.88
Amit Om Prakash Rathi,1,16,gujarat-fortunegiants,2.88
Selvamani K,1,56,haryana-steelers,2.83
Jitesh Joshi,1,19,puneri-paltan,2.79
Sushil Gulia,1,7,jaipur-pink-panthers,2.71
Amit Kumar,1,6,puneri-paltan,2.67
Mahesh Goud,1,65,bengal-warriors,2.66
Tushar Patil,1,53,patna-pirates,2.6
Anil Shriram Nimbolkar,1,6,dabang-delhi-kc,2.5
Darshan Kadian,1,39,puneri-paltan,2.47
Rohit Kumar Choudary,1,38,up-yoddha,2.45
Rakesh Gowda,1,9,telugu-titans,2.44
Elangeshwaran R,1,5,telugu-titans,2.4
Dinesh Kumar,1,8,bengal-warriors,2.38
Manjeet Chhillar,1,108,tamil-thalaivas,2.38
Vijay,1,59,dabang-delhi-kc,2.35
Sandeep,1,6,puneri-paltan,2.33
Mahesh Maruti Magdum,1,4,bengaluru-bulls,2.33
R. Sriram,1,15,puneri-paltan,2.33
Waleed Al Hasani,1,6,puneri-paltan,2.33
Sunil Jaipal,1,38,bengaluru-bulls,2.29
Ravindra Ramesh Kumawat,1,19,bengal-warriors,2.21
Armaan,1,10,telugu-titans,2.2
Dong Geon Lee,1,33,u-mumba,2.15
Harish Naik,1,21,bengaluru-bulls,2.14
Vikas Kumar,1,14,telugu-titans,2.14
Sanjay Kumar,1,8,patna-pirates,2.14
Sandeep Narwal,1,120,u-mumba,2.13
Rakesh Narwal,1,26,bengal-warriors,2.12
Azad Singh,1,13,up-yoddha,2.08
Mahipal Narwal,1,34,gujarat-fortunegiants,2.04
Sachin Vittala,1,26,gujarat-fortunegiants,2
Virender Wazir Singh,1,7,bengal-warriors,2
Ankush,1,3,up-yoddha,2
Suresh Kumar,1,11,puneri-paltan,2
Victor Onyango Obiero,1,6,tamil-thalaivas,2
Vinod Kumar,1,29,bengaluru-bulls,2
Mohan Raman G,1,4,u-mumba,2
Gurvinder Singh,1,45,gujarat-fortunegiants,1.95
Mohammad Esmaeil Maghsoudlou Mahalli,1,17,patna-pirates,1.94
Ajit Singh,1,17,jaipur-pink-panthers,1.88
Shrikant Tewthia,1,71,bengal-warriors,1.86
Manpreet Singh,1,13,patna-pirates,1.85
Yogesh Hooda,1,21,dabang-delhi-kc,1.84
Anand Patil,1,26,jaipur-pink-panthers,1.84
Banty,1,11,bengaluru-bulls,1.8
Vinoth Kumar,1,17,u-mumba,1.76
Ashish Chhokar,1,12,bengal-warriors,1.75
Anand,1,8,tamil-thalaivas,1.75
Mohsen Maghsoudloujafari,1,46,up-yoddha,1.74
Sumit Singh,1,32,bengaluru-bulls,1.74
Sinotharan Kanesharajah,1,3,bengaluru-bulls,1.67
Dharmender,1,4,gujarat-fortunegiants,1.67
Amit Kumar,1,3,patna-pirates,1.67
Kamal Singh,1,11,telugu-titans,1.63
Anand Surendra Tomar,1,5,haryana-steelers,1.6
Monu,1,52,patna-pirates,1.6
Anil Kashinath Patil,1,5,jaipur-pink-panthers,1.6
Isac Antony,1,9,telugu-titans,1.57
M. Thivakaran,1,9,tamil-thalaivas,1.56
Suresu Kumar,1,21,dabang-delhi-kc,1.55
Amit Nagar,1,12,bengal-warriors,1.55
Bhupender Singh,1,47,bengal-warriors,1.54
Rakshith,1,17,telugu-titans,1.53
Bhanu Pratap Tomar,1,6,up-yoddha,1.5
Amit Kumar,1,19,puneri-paltan,1.47
Umesh Mhatre,1,13,puneri-paltan,1.46
Sandeep Kandola,1,16,telugu-titans,1.38
Ran Singh,1,118,tamil-thalaivas,1.36
Vinod Kumar,1,47,gujarat-fortunegiants,1.35
Sushant Sail,1,9,puneri-paltan,1.33
Akshay Jadhav,1,29,puneri-paltan,1.32
Simon Kibura,1,9,bengal-warriors,1.29
Harmanjit Singh,1,4,gujarat-fortunegiants,1.25
Farhad Rahimi Milaghardan,1,58,telugu-titans,1.2
Kalimuthu Balamahendran,1,23,telugu-titans,1.2
Kedar Lal,1,10,bengal-warriors,1.2
Parvesh,1,6,puneri-paltan,1.17
Kuldeep Singh,1,66,patna-pirates,1.13
Vikas Jaglan,1,46,patna-pirates,1.13
Vineet Sharma,1,41,tamil-thalaivas,1.11
C Manoj Kumar,1,12,telugu-titans,1.11
Amit Kumar,1,17,jaipur-pink-panthers,1.09
Sachin Narwal,1,12,jaipur-pink-panthers,1
Bhuvneshwar Gaur,1,6,haryana-steelers,1
Ankit Beniwal,1,7,telugu-titans,1
Anand V,1,3,bengaluru-bulls,1
Mithin Kumar,1,3,bengal-warriors,1
Rahul Choudhary,1,5,jaipur-pink-panthers,1
Vikash Kumar,1,6,u-mumba,1
Vishav Chaudhary,1,2,up-yoddha,1
Gnanasekaran M,1,8,dabang-delhi-kc,1
Shyam Kumar Sah,1,27,bengal-warriors,1
Mandeep Kumar,1,7,patna-pirates,1
Tae Deok Eom,1,35,patna-pirates,1
Balbir Singh,1,10,jaipur-pink-panthers,1
Manoj Kumar,1,52,gujarat-fortunegiants,0.93
Mohammad Maghshoudulu,1,18,patna-pirates,0.88
David Shilisia J Mosambayi,1,7,jaipur-pink-panthers,0.86
Sachin Kumar,1,46,up-yoddha,0.84
Parmod Narwal,1,35,haryana-steelers,0.84
Joginder Singh Narwal,1,80,dabang-delhi-kc,0.8
Purna Singh,1,6,patna-pirates,0.8
D. Pradap,1,29,tamil-thalaivas,0.78
Gulveer Singh,1,4,up-yoddha,0.75
Bhavani Rajput,1,4,tamil-thalaivas,0.75
Shubham Ashok Palkar,1,12,gujarat-fortunegiants,0.75
Aman Kadian,1,4,dabang-delhi-kc,0.75
Arun Kumar HN,1,4,haryana-steelers,0.75
Ram Kumar Sah,1,11,dabang-delhi-kc,0.75
Punit Kumar Teotia,1,4,dabang-delhi-kc,0.75
Seong Ryeol Kim,1,15,gujarat-fortunegiants,0.75
Gangadhari Mallesh,1,36,jaipur-pink-panthers,0.73
Rupesh Tomar,1,15,dabang-delhi-kc,0.71
Ashish Kumar,1,83,bengaluru-bulls,0.71
Hadi Oshtorak,1,69,patna-pirates,0.71
Vijay Malik,1,7,patna-pirates,0.71
Ashish,1,7,patna-pirates,0.71
Lalit Chaudhary,1,7,gujarat-fortunegiants,0.71
Yashwant Bishnoi,1,3,tamil-thalaivas,0.67
Gaurav Kumar,1,3,u-mumba,0.67
Palle Mallikarjun,1,3,telugu-titans,0.67
Amit Kumar Tomar,1,9,dabang-delhi-kc,0.67
Sandeep Tomar,1,3,dabang-delhi-kc,0.67
Prateek,1,6,haryana-steelers,0.6
Dharmaraj Cheralathan,1,116,haryana-steelers,0.57
Dadaso Balaso Awad,1,12,dabang-delhi-kc,0.56
Sachin Khambe,1,22,puneri-paltan,0.56
Deepak Kumar Rathee,1,20,haryana-steelers,0.56
Satpal,1,22,dabang-delhi-kc,0.56
Ravinder Pahal,1,109,dabang-delhi-kc,0.54
Surender Nada,1,71,haryana-steelers,0.54
Jawahar Dagar,1,46,patna-pirates,0.53
Mayur Shivtarkar,1,30,bengal-warriors,0.53
Sunil Siddhgavali,1,42,jaipur-pink-panthers,0.5
Sumit,1,18,up-yoddha,0.5
Vimal Raj V,1,5,tamil-thalaivas,0.5
Parveen,1,25,haryana-steelers,0.5
Hemant Chauhan,1,3,tamil-thalaivas,0.5
Ehsan Zamani Fard,1,8,dabang-delhi-kc,0.5
Jasmer Singh Gulia,1,52,bengaluru-bulls,0.5
Vinoth Paulyas,1,4,patna-pirates,0.5
Nilesh Shinde,1,69,dabang-delhi-kc,0.47
Hadi Tajik,1,28,puneri-paltan,0.45
Preetam Chhillar,1,58,bengaluru-bulls,0.44
Santhosh B.S,1,9,up-yoddha,0.43
Vijay Kumar,1,21,bengaluru-bulls,0.43
Mohit Sehrawat,1,13,bengaluru-bulls,0.42
Surinder Singh,1,63,u-mumba,0.4
D. Gopu,1,34,tamil-thalaivas,0.4
Amit Hooda,1,86,jaipur-pink-panthers,0.37
Amit Kumar,1,11,telugu-titans,0.36
Sunil,1,63,tamil-thalaivas,0.36
Sidharth,1,21,dabang-delhi-kc,0.36
Lokesh Kaushik,1,7,jaipur-pink-panthers,0.33
Anil Kumar,1,19,dabang-delhi-kc,0.33
Vishal,1,25,jaipur-pink-panthers,0.33
Amit,1,32,up-yoddha,0.33
Sunny,1,3,patna-pirates,0.33
Dong Ju Hong,1,9,u-mumba,0.33
Mohit Chhillar,1,109,tamil-thalaivas,0.28
Samarjeet Singh,1,22,jaipur-pink-panthers,0.27
Parveen M. Jangra,1,6,bengal-warriors,0.25
Gurchet Singh,1,4,bengaluru-bulls,0.25
Baldev Singh,1,38,bengal-warriors,0.25
Girish Maruti Ernak,1,104,puneri-paltan,0.24
Rohit Rana,1,82,u-mumba,0.22
Nitesh Kumar,1,62,up-yoddha,0.22
Navneet Gautam,1,31,jaipur-pink-panthers,0.2
C. Arun,1,87,telugu-titans,0.2
PO Surjeet Singh,1,92,puneri-paltan,0.17
Amit Singh Chhillar,1,35,telugu-titans,0.17
Rajaguru Subramanian,1,46,u-mumba,0.17
Rinku Narwal,1,48,bengal-warriors,0.17
Anil Kumar,1,54,dabang-delhi-kc,0.16
Krushna Madane,1,16,telugu-titans,0.14
Fazel Atrachali,1,98,u-mumba,0.14
Sagar B Krishna,1,60,puneri-paltan,0.09
Prashant Chavan,1,41,dabang-delhi-kc,0.09
Abozar Mohajermighani,1,63,telugu-titans,0.09
Sunil Kumar,1,68,gujarat-fortunegiants,0.08
Rakesh Singh Kumar,1,49,haryana-steelers,0.07
Shubham Shinde,1,23,puneri-paltan,0.07
Mahender Singh,1,62,bengaluru-bulls,0.06
Vishal Bhardwaj,1,59,telugu-titans,0.04
Rohit Kumar Prajapat,1,3,jaipur-pink-panthers,0
Vikas Kale,1,59,haryana-steelers,0
Ravi Kumar,1,92,haryana-steelers,0
Masayuki Shimokawa,1,7,u-mumba,0
Jaideep,1,67,patna-pirates,0
Vishnu Uthaman,1,3,patna-pirates,0
Kamal Kishor Jat,1,7,dabang-delhi-kc,0
Pankaj,1,23,gujarat-fortunegiants,0
Ankit,1,13,bengaluru-bulls,0
