player_name,season,matches_played,team,tackle-points
Sandeep Kumar Dhull,1,20,jaipur-pink-panthers,67
Vishal Bhardwaj,1,18,telugu-titans,61
Sumit,1,18,up-yoddha,61
Fazel Atrachali,1,19,u-mumba,60
Baldev Singh,1,20,bengal-warriors,59
Ravinder Pahal,1,20,dabang-delhi-kc,57
Rinku Narwal,1,20,bengal-warriors,53
Neeraj Kumar,1,19,patna-pirates,51
PO Surjeet Singh,1,19,puneri-paltan,51
Nitesh Kumar,1,18,up-yoddha,50
Jaideep,1,19,patna-pirates,48
Parvesh Bhainswal,1,20,gujarat-fortunegiants,48
Saurabh Nandal,1,18,bengaluru-bulls,47
Sunil,1,17,haryana-steelers,46
Mahender Singh,1,16,bengaluru-bulls,46
Sunil Kumar,1,18,gujarat-fortunegiants,46
Joginder Singh Narwal,1,20,dabang-delhi-kc,46
Surinder Singh,1,19,u-mumba,45
Amit Sheoran,1,19,bengaluru-bulls,43
Sandeep Narwal,1,19,u-mumba,42
Dharmaraj Cheralathan,1,17,haryana-steelers,41
Vishal,1,14,jaipur-pink-panthers,41
Ravi Kumar,1,17,haryana-steelers,40
Abozar Mohajermighani,1,18,telugu-titans,39
Vikas Kale,1,18,haryana-steelers,38
Manjeet Chhillar,1,15,tamil-thalaivas,37
Mohit Chhillar,1,18,tamil-thalaivas,37
Amit Hooda,1,14,jaipur-pink-panthers,36
Hadi Oshtorak,1,19,patna-pirates,35
Jadhav Balasaheb Shahaji,1,18,puneri-paltan,35
Ashu Singh,1,18,up-yoddha,32
Jeeva Kumar,1,19,bengal-warriors,32
Girish Maruti Ernak,1,15,puneri-paltan,31
Anil Kumar,1,16,dabang-delhi-kc,30
Ran Singh,1,19,tamil-thalaivas,30
Farhad Rahimi Milaghardan,1,18,telugu-titans,27
Manjeet,1,20,puneri-paltan,27
Monu,1,19,patna-pirates,25
Mohammad Esmaeil Nabibakhsh,1,20,bengal-warriors,25
Vishal Mane,1,20,dabang-delhi-kc,24
Amit,1,18,up-yoddha,23
More GB,1,17,gujarat-fortunegiants,21
C. Arun,1,18,telugu-titans,21
Pankaj,1,9,gujarat-fortunegiants,21
Amit Kumar,1,13,puneri-paltan,20
Harendra Kumar,1,17,u-mumba,19
Nitin Rawal,1,15,jaipur-pink-panthers,19
Shubham Shinde,1,13,puneri-paltan,17
Hadi Tajik,1,12,puneri-paltan,16
Vikas Jaglan,1,19,patna-pirates,16
Sumit Malik,1,14,gujarat-fortunegiants,15
Ruturaj Shivaji Koravi,1,15,gujarat-fortunegiants,15
Ajeet,1,14,tamil-thalaivas,14
Pawan Kumar Sehrawat,1,19,bengaluru-bulls,14
Sagar B Krishna,1,12,puneri-paltan,14
Santhapanaselvam,1,8,jaipur-pink-panthers,14
Sagar,1,11,tamil-thalaivas,13
Ankit,1,12,gujarat-fortunegiants,13
Pavan T. R.,1,15,jaipur-pink-panthers,12
Mohit Sehrawat,1,13,bengaluru-bulls,12
Deepak Niwas Hooda,1,20,jaipur-pink-panthers,12
Vijay,1,19,dabang-delhi-kc,11
M. Abishek,1,7,tamil-thalaivas,11
Amit Kumar,1,9,telugu-titans,10
Rakesh Gowda,1,9,telugu-titans,9
Rohit Gulia,1,20,gujarat-fortunegiants,9
Sunil Siddhgavali,1,14,jaipur-pink-panthers,9
Kuldeep Singh,1,9,haryana-steelers,8
Surender Gill,1,15,up-yoddha,8
Saeid Ghaffari,1,9,dabang-delhi-kc,8
Rahul Chaudhari,1,20,tamil-thalaivas,8
Shabeer Bappu,1,14,tamil-thalaivas,7
Vineet Sharma,1,11,tamil-thalaivas,7
Mohammad Esmaeil Maghsoudlou Mahalli,1,17,patna-pirates,7
Viraj Vishnu Landge,1,8,bengal-warriors,7
Sanket Sawant,1,5,puneri-paltan,7
Chand Singh,1,9,haryana-steelers,6
Ankit,1,7,bengaluru-bulls,6
Mayur Shivtarkar,1,7,bengal-warriors,6
Young Chang Ko,1,10,u-mumba,6
Nitin Tomar,1,13,puneri-paltan,6
Krushna Madane,1,9,telugu-titans,6
Ashish Kumar,1,7,bengaluru-bulls,5
Jawahar Dagar,1,7,patna-pirates,5
Vijay Kumar,1,9,bengaluru-bulls,5
Vinod Kumar,1,9,gujarat-fortunegiants,4
Parveen,1,6,haryana-steelers,4
Sonu Jaglan,1,15,gujarat-fortunegiants,4
Vinay,1,19,haryana-steelers,4
Elavarasan A,1,3,jaipur-pink-panthers,4
Vikash Kandola,1,16,haryana-steelers,4
Rohit Kumar,1,17,bengaluru-bulls,4
Rohit Baliyan,1,16,u-mumba,4
Sachin Kumar,1,12,up-yoddha,4
Chandran Ranjit,1,19,dabang-delhi-kc,4
Shrikant Jadhav,1,18,up-yoddha,3
Sumit Singh,1,15,bengaluru-bulls,3
Monu Goyat,1,10,up-yoddha,3
Mohsen Maghsoudloujafari,1,11,up-yoddha,3
Ravinder,1,5,patna-pirates,3
Pankaj Mohite,1,16,puneri-paltan,3
Banty,1,11,bengaluru-bulls,3
Ponparthiban Subramanian,1,7,tamil-thalaivas,3
Adarsh T,1,9,bengal-warriors,3
Amit Kharb,1,5,gujarat-fortunegiants,3
Lalit Chaudhary,1,4,gujarat-fortunegiants,3
Siddharth Sirish Desai,1,18,telugu-titans,3
Arjun Deshwal,1,16,u-mumba,2
Kamal Singh,1,3,telugu-titans,2
Mohit Balyan,1,1,u-mumba,2
Rajnish,1,10,telugu-titans,2
Gurdeep,1,2,up-yoddha,2
Victor Onyango Obiero,1,3,tamil-thalaivas,2
Sandeep,1,1,puneri-paltan,2
Naveen Kumar,1,20,dabang-delhi-kc,2
Ajay,1,9,bengaluru-bulls,2
Naveen,1,14,haryana-steelers,2
Amit Kumar,1,6,puneri-paltan,2
Nilesh Salunke,1,17,jaipur-pink-panthers,2
Rajaguru Subramanian,1,5,u-mumba,2
K. Prapanjan,1,18,bengal-warriors,2
Selvamani K,1,7,haryana-steelers,2
Deepak Narwal,1,17,jaipur-pink-panthers,1
Meraj Sheykh,1,13,dabang-delhi-kc,1
Surender Singh,1,4,up-yoddha,1
Rishank Devadiga,1,14,up-yoddha,1
Jang Kun Lee,1,13,patna-pirates,1
Sukesh Hegde,1,13,bengal-warriors,1
Suraj Desai,1,12,telugu-titans,1
Darshan Kadian,1,7,puneri-paltan,1
Ravindra Ramesh Kumawat,1,3,bengal-warriors,1
Sombir,1,8,dabang-delhi-kc,1
Mohammad Taghi Paein Mahali,1,3,bengal-warriors,1
Naveen Narwal,1,3,bengal-warriors,1
Sumit,1,2,dabang-delhi-kc,1
Sushil Gulia,1,7,jaipur-pink-panthers,1
Aman,1,2,bengaluru-bulls,1
Aman Kadian,1,3,dabang-delhi-kc,1
Hemant Chauhan,1,3,tamil-thalaivas,1
Satywan,1,1,dabang-delhi-kc,1
Himanshu,1,3,tamil-thalaivas,1
Sachin Narwal,1,12,jaipur-pink-panthers,1
Sachin Tanwar,1,16,gujarat-fortunegiants,1
Ankush,1,3,up-yoddha,1
Ankit Beniwal,1,6,telugu-titans,1
Abhishek Singh,1,17,u-mumba,1
