player_name,season,matches_played,team,avg-tackle
Sandeep Kandola,1,16,telugu-titans,3.69
Sumit,1,18,up-yoddha,3.39
Vishal Bhardwaj,1,59,telugu-titans,3.36
Nitesh Kumar,1,62,up-yoddha,3.18
Sandeep Kumar Dhull,1,64,jaipur-pink-panthers,3.14
Manjeet Chhillar,1,108,tamil-thalaivas,3.14
Surender Nada,1,71,haryana-steelers,3.13
Fazel Atrachali,1,98,u-mumba,3.01
Ravinder Pahal,1,109,dabang-delhi-kc,2.94
PO Surjeet Singh,1,92,puneri-paltan,2.89
Mahender Singh,1,62,bengaluru-bulls,2.68
Amit Hooda,1,86,jaipur-pink-panthers,2.66
Jaideep,1,67,patna-pirates,2.64
Sunil Kumar,1,68,gujarat-fortunegiants,2.63
Surinder Singh,1,63,u-mumba,2.62
Saurabh Nandal,1,18,bengaluru-bulls,2.61
Abozar Mohajermighani,1,63,telugu-titans,2.54
Mohit Chhillar,1,109,tamil-thalaivas,2.54
Vijendar Singh,1,8,telugu-titans,2.5
Girish Maruti Ernak,1,104,puneri-paltan,2.49
Sandeep Narwal,1,120,u-mumba,2.47
Parvesh Bhainswal,1,76,gujarat-fortunegiants,2.43
Vishal,1,25,jaipur-pink-panthers,2.36
Baldev Singh,1,38,bengal-warriors,2.26
Sunil,1,39,haryana-steelers,2.23
Dharmaraj Cheralathan,1,116,haryana-steelers,2.22
Joginder Singh Narwal,1,80,dabang-delhi-kc,2.13
Amit Sheoran,1,38,bengaluru-bulls,2.13
Jasmer Singh Gulia,1,52,bengaluru-bulls,2.1
Sachin Khambe,1,22,puneri-paltan,2.09
Jeeva Kumar,1,112,bengal-warriors,2.03
Kuldeep Singh,1,20,bengaluru-bulls,2
Harvinder Singh,1,4,puneri-paltan,2
Nilesh Shinde,1,69,dabang-delhi-kc,1.96
Rinku Narwal,1,48,bengal-warriors,1.96
Ran Singh,1,118,tamil-thalaivas,1.94
Jadhav Balasaheb Shahaji,1,18,puneri-paltan,1.94
Kuldeep Singh,1,66,patna-pirates,1.86
Yatharth Deshwal,1,6,dabang-delhi-kc,1.83
Kuldeep Singh,1,36,haryana-steelers,1.78
Neeraj Kumar,1,36,patna-pirates,1.78
Vinod Kumar,1,27,puneri-paltan,1.78
Ashu Singh,1,18,up-yoddha,1.78
D. Suresh Kumar,1,59,u-mumba,1.75
Satpal,1,22,dabang-delhi-kc,1.73
Ravi Kumar,1,92,haryana-steelers,1.7
Amit Singh Chhillar,1,35,telugu-titans,1.69
Sunil,1,63,tamil-thalaivas,1.67
Vikas Kale,1,59,haryana-steelers,1.66
Rohit Rana,1,82,u-mumba,1.66
Pankaj,1,23,gujarat-fortunegiants,1.65
Ruturaj Shivaji Koravi,1,38,gujarat-fortunegiants,1.63
Darshan J.,1,29,tamil-thalaivas,1.59
Wasim Sajjad,1,17,telugu-titans,1.59
Sachin Shingade,1,75,haryana-steelers,1.59
M. Abishek,1,7,tamil-thalaivas,1.57
Bajirao Hodage,1,61,jaipur-pink-panthers,1.56
Vishal Mane,1,125,dabang-delhi-kc,1.55
Hadi Oshtorak,1,69,patna-pirates,1.51
Narender,1,28,up-yoddha,1.5
Anil Kumar,1,54,dabang-delhi-kc,1.5
S Mahalingam,1,11,telugu-titans,1.45
Gurpreet Singh,1,18,puneri-paltan,1.44
Tapas Pal,1,7,dabang-delhi-kc,1.43
Dadaso Balaso Awad,1,12,dabang-delhi-kc,1.42
Somvir Shekhar,1,61,jaipur-pink-panthers,1.41
Sanket Sawant,1,5,puneri-paltan,1.4
D. Gopu,1,34,tamil-thalaivas,1.38
Sunil Siddhgavali,1,42,jaipur-pink-panthers,1.38
Vikash,1,19,haryana-steelers,1.37
Prashant Chavan,1,41,dabang-delhi-kc,1.37
Ram Kumar Sah,1,11,dabang-delhi-kc,1.36
Sandeep,1,14,bengaluru-bulls,1.36
Rakesh Kumar,1,55,telugu-titans,1.35
Ashish Kumar,1,83,bengaluru-bulls,1.34
Santhapanaselvam,1,32,jaipur-pink-panthers,1.34
Anil Kumar,1,6,tamil-thalaivas,1.33
Rajeev Kumar,1,3,dabang-delhi-kc,1.33
Shyam Kumar Sah,1,27,bengal-warriors,1.33
Elavarasan A,1,3,jaipur-pink-panthers,1.33
Sombir,1,31,dabang-delhi-kc,1.32
Somvir,1,16,telugu-titans,1.31
Sidharth,1,21,dabang-delhi-kc,1.29
Monu,1,52,patna-pirates,1.29
Deepak Kumar,1,7,bengal-warriors,1.29
Farhad Rahimi Milaghardan,1,58,telugu-titans,1.28
Anil Kumar,1,19,dabang-delhi-kc,1.26
Shubham Shinde,1,23,puneri-paltan,1.26
Mohammad Esmaeil Nabibakhsh,1,20,bengal-warriors,1.25
Vikash,1,4,bengal-warriors,1.25
Vijender Singh,1,8,bengaluru-bulls,1.25
Amit Kumar,1,17,jaipur-pink-panthers,1.24
C. Arun,1,87,telugu-titans,1.23
Rajesh Narwal,1,92,dabang-delhi-kc,1.23
Jawahar Dagar,1,46,patna-pirates,1.22
Deepak Dhull,1,10,patna-pirates,1.2
Amit Kumar,1,11,telugu-titans,1.18
Sagar,1,11,tamil-thalaivas,1.18
Sagar Khatale,1,12,puneri-paltan,1.17
Rajaguru Subramanian,1,46,u-mumba,1.17
Sagar B Krishna,1,60,puneri-paltan,1.17
Parveen,1,25,haryana-steelers,1.16
Sanket Chavan,1,13,tamil-thalaivas,1.15
Sachin Kumar,1,46,up-yoddha,1.15
Deepak Yadav,1,7,puneri-paltan,1.14
D. Pradap,1,29,tamil-thalaivas,1.14
Manoj Kumar,1,52,gujarat-fortunegiants,1.13
Harendra Kumar,1,17,u-mumba,1.12
Shrikant Tewthia,1,71,bengal-warriors,1.11
Kalimuthu Balamahendran,1,23,telugu-titans,1.09
N. Renjith,1,11,u-mumba,1.09
Ankit,1,12,gujarat-fortunegiants,1.08
Sumit Malik,1,14,gujarat-fortunegiants,1.07
Krushna Madane,1,16,telugu-titans,1.06
Amit Kumar,1,19,puneri-paltan,1.05
Ponparthiban Subramanian,1,19,tamil-thalaivas,1.05
Vijay,1,59,dabang-delhi-kc,1.03
Gurvinder Singh,1,5,up-yoddha,1
Manjeet,1,42,puneri-paltan,1
Vinod Kumar,1,47,gujarat-fortunegiants,1
Rakesh Gowda,1,9,telugu-titans,1
E Subash,1,4,u-mumba,1
Babu M,1,2,haryana-steelers,1
Lalit Chaudhary,1,7,gujarat-fortunegiants,1
Muruthu M,1,3,tamil-thalaivas,1
Nitin Rawal,1,45,jaipur-pink-panthers,1
Sushil Vijay Bhosle,1,2,bengal-warriors,1
Ajay Singh,1,1,bengaluru-bulls,1
Santhosh B.S,1,9,up-yoddha,1
Raju Lal Choudhary,1,23,bengaluru-bulls,1
Adinath Sakharam Gavali,1,1,u-mumba,1
Swapnil Dilip Shinde,1,21,dabang-delhi-kc,1
Sunil Jaipal,1,38,bengaluru-bulls,1
Rakesh Singh Kumar,1,49,haryana-steelers,1
Ajeet,1,14,tamil-thalaivas,1
Sachin Vittala,1,26,gujarat-fortunegiants,0.96
Ziaur Rahman,1,34,bengal-warriors,0.94
Manish,1,40,patna-pirates,0.93
Rupesh Tomar,1,15,dabang-delhi-kc,0.93
Mohit Sehrawat,1,13,bengaluru-bulls,0.92
Amit,1,32,up-yoddha,0.91
Saeid Ghaffari,1,9,dabang-delhi-kc,0.89
Manoj Dhull,1,27,bengal-warriors,0.89
Mahipal Narwal,1,34,gujarat-fortunegiants,0.88
Mayur Shivtarkar,1,30,bengal-warriors,0.87
Akshay Jadhav,1,29,puneri-paltan,0.86
Nitin More,1,22,bengal-warriors,0.86
Samarjeet Singh,1,22,jaipur-pink-panthers,0.86
Viraj Vishnu Landge,1,34,bengal-warriors,0.85
Jitesh Joshi,1,19,puneri-paltan,0.84
Parveen M. Jangra,1,6,bengal-warriors,0.83
Parvesh,1,6,puneri-paltan,0.83
Sandeep,1,6,puneri-paltan,0.83
Ravinder Kumar,1,12,patna-pirates,0.83
Elangeshwaran R,1,5,telugu-titans,0.8
Parmod Narwal,1,35,haryana-steelers,0.8
Pavan T. R.,1,15,jaipur-pink-panthers,0.8
Adarsh T,1,19,bengal-warriors,0.79
Hadi Tajik,1,28,puneri-paltan,0.79
Mohsen Maghsoudloujafari,1,46,up-yoddha,0.78
More GB,1,45,gujarat-fortunegiants,0.78
Anup Kumar,1,91,jaipur-pink-panthers,0.76
Vikas Jaglan,1,46,patna-pirates,0.76
Gurchet Singh,1,4,bengaluru-bulls,0.75
Deepak Kumar Rathee,1,20,haryana-steelers,0.75
Rahul Kumar,1,30,bengal-warriors,0.73
Seong Ryeol Kim,1,15,gujarat-fortunegiants,0.73
Deepak Niwas Hooda,1,123,jaipur-pink-panthers,0.71
Jagdeesha K.K.,1,7,jaipur-pink-panthers,0.71
Anuj Kumar,1,7,telugu-titans,0.71
Ankit,1,13,bengaluru-bulls,0.69
Umesh Mhatre,1,13,puneri-paltan,0.69
Navneet Gautam,1,31,jaipur-pink-panthers,0.68
Anoop E.V.,1,3,u-mumba,0.67
Anil Shriram Nimbolkar,1,6,dabang-delhi-kc,0.67
Chand Singh,1,9,haryana-steelers,0.67
Varinder Singh,1,8,patna-pirates,0.63
Vijin Thangadurai,1,51,bengal-warriors,0.63
Young Chang Ko,1,37,u-mumba,0.62
Gangadhari Mallesh,1,36,jaipur-pink-panthers,0.61
Ravinder,1,5,patna-pirates,0.6
Vineet Sharma,1,41,tamil-thalaivas,0.59
Meraj Sheykh,1,95,dabang-delhi-kc,0.57
T. Prasad,1,9,telugu-titans,0.56
Vikas Tomar,1,9,puneri-paltan,0.56
G.S. Manikandan,1,20,dabang-delhi-kc,0.55
Kashiling Adake,1,92,bengaluru-bulls,0.55
Surender Gill,1,15,up-yoddha,0.53
Vijay Kumar,1,21,bengaluru-bulls,0.52
Preetam Chhillar,1,58,bengaluru-bulls,0.52
Gokul Shitole,1,4,jaipur-pink-panthers,0.5
Aman Kumar,1,4,patna-pirates,0.5
Punit Kumar Teotia,1,4,dabang-delhi-kc,0.5
Jeeva Gopal,1,24,haryana-steelers,0.5
Sanoj Kumar,1,2,up-yoddha,0.5
Amit Nagar,1,12,bengal-warriors,0.5
Rahul Chaudhari,1,120,tamil-thalaivas,0.49
Yogesh Hooda,1,21,dabang-delhi-kc,0.48
Wazir Singh,1,47,haryana-steelers,0.47
Sachin Tanwar,1,63,gujarat-fortunegiants,0.46
Naveen,1,35,haryana-steelers,0.46
Amit Kharb,1,11,gujarat-fortunegiants,0.45
Pawan Kumar Sehrawat,1,75,bengaluru-bulls,0.45
Surjeet Narwal,1,31,bengal-warriors,0.45
Isac Antony,1,9,telugu-titans,0.44
Rohit Kumar,1,89,bengaluru-bulls,0.44
Rohit Baliyan,1,68,u-mumba,0.43
Jasvir Singh,1,77,tamil-thalaivas,0.42
Mohammad Esmaeil Maghsoudlou Mahalli,1,17,patna-pirates,0.41
Shashank Wankhede,1,5,bengal-warriors,0.4
Gurvinder Singh,1,45,gujarat-fortunegiants,0.4
Rishank Devadiga,1,117,up-yoddha,0.39
Parveen Kumar,1,8,bengal-warriors,0.38
Amit Om Prakash Rathi,1,16,gujarat-fortunegiants,0.38
Manpreet Singh,1,13,patna-pirates,0.38
Ajay,1,16,bengaluru-bulls,0.38
Ravindra Ramesh Kumawat,1,19,bengal-warriors,0.37
Mahesh Goud,1,65,bengal-warriors,0.37
Kamal Singh,1,11,telugu-titans,0.36
Vikas Kumar,1,14,telugu-titans,0.36
Nitin Tomar,1,66,puneri-paltan,0.35
Vikram Kandola,1,3,haryana-steelers,0.33
C Manoj Kumar,1,12,telugu-titans,0.33
Atif Waheed,1,3,telugu-titans,0.33
Jishnu,1,3,telugu-titans,0.33
Ravit Kumar,1,3,telugu-titans,0.33
Ashish Chhokar,1,12,bengal-warriors,0.33
Hemant Chauhan,1,3,tamil-thalaivas,0.33
Naveen Narwal,1,3,bengal-warriors,0.33
Monu Goyat,1,69,up-yoddha,0.32
Vinod Kumar,1,29,bengaluru-bulls,0.31
Sudhanshu Tyagi,1,13,haryana-steelers,0.31
Shabeer Bappu,1,74,tamil-thalaivas,0.31
Tushar Balaram Bhoir,1,10,dabang-delhi-kc,0.3
Satish,1,10,patna-pirates,0.3
Sumit Singh,1,32,bengaluru-bulls,0.28
Darshan Kadian,1,39,puneri-paltan,0.28
Shrikant Jadhav,1,72,up-yoddha,0.28
Banty,1,11,bengaluru-bulls,0.27
Bhupender Singh,1,47,bengal-warriors,0.26
Rohit Gulia,1,58,gujarat-fortunegiants,0.26
Sanju,1,4,dabang-delhi-kc,0.25
Gnanasekaran M,1,8,dabang-delhi-kc,0.25
Wajid Ali,1,4,telugu-titans,0.25
Ehsan Zamani Fard,1,8,dabang-delhi-kc,0.25
Sunil Subhash Lande,1,4,puneri-paltan,0.25
Mahendra Ganesh Rajput,1,62,gujarat-fortunegiants,0.24
Tae Deok Eom,1,35,patna-pirates,0.23
Simon Kibura,1,9,bengal-warriors,0.22
Jang Kun Lee,1,103,patna-pirates,0.22
Nitin Madane,1,37,u-mumba,0.22
Amit Kumar Tomar,1,9,dabang-delhi-kc,0.22
Abhishek Singh,1,32,u-mumba,0.22
Vinay,1,19,haryana-steelers,0.21
Armaan,1,10,telugu-titans,0.2
Pradeep Kumar,1,10,u-mumba,0.2
Suresu Kumar,1,21,dabang-delhi-kc,0.19
Surender Singh,1,48,up-yoddha,0.19
Pankaj Mohite,1,16,puneri-paltan,0.19
Ajay Thakur,1,115,tamil-thalaivas,0.18
Nilesh Salunke,1,79,jaipur-pink-panthers,0.18
Vikash Kandola,1,51,haryana-steelers,0.18
Abolfazl Maghsodloumahali,1,47,gujarat-fortunegiants,0.17
Naveen Kumar,1,42,dabang-delhi-kc,0.17
CPO Surjeet Singh,1,48,tamil-thalaivas,0.17
Ravi Dalal,1,38,dabang-delhi-kc,0.16
Chandran Ranjit,1,61,dabang-delhi-kc,0.16
Deepak Narwal,1,81,jaipur-pink-panthers,0.16
Deepak Kumar Dahiya,1,53,puneri-paltan,0.15
Sukesh Hegde,1,97,bengal-warriors,0.15
Azad Singh,1,13,up-yoddha,0.15
Siddharth Sirish Desai,1,39,telugu-titans,0.15
Rajnish,1,14,telugu-titans,0.14
Rohit Kumar,1,7,up-yoddha,0.14
Ajinkya Ashok Pawar,1,31,jaipur-pink-panthers,0.13
Mangesh Bhagat,1,8,puneri-paltan,0.13
Sanjay Kumar,1,8,patna-pirates,0.13
Pravin Niwale,1,17,dabang-delhi-kc,0.12
Rakshith,1,17,telugu-titans,0.12
Selvamani K,1,56,haryana-steelers,0.11
Rajesh Mondal,1,89,puneri-paltan,0.11
Maninder Singh,1,79,bengal-warriors,0.11
Prashanth Kumar Rai,1,94,haryana-steelers,0.1
Tushar Patil,1,53,patna-pirates,0.08
Rakesh Narwal,1,26,bengal-warriors,0.08
Rohit Kumar Choudary,1,38,up-yoddha,0.08
Suraj Desai,1,12,telugu-titans,0.08
Sachin Narwal,1,12,jaipur-pink-panthers,0.08
K. Prapanjan,1,81,bengal-warriors,0.07
Pardeep Narwal,1,104,patna-pirates,0.07
R. Sriram,1,15,puneri-paltan,0.07
Athul MS,1,38,u-mumba,0.03
Pawan Kumar Kadian,1,74,puneri-paltan,0.03
Ajay Kumar,1,50,gujarat-fortunegiants,0.02
Harish Naik,1,21,bengaluru-bulls,0
Anand Patil,1,26,jaipur-pink-panthers,0
Dong Geon Lee,1,33,u-mumba,0
C Kalai Arasan,1,3,gujarat-fortunegiants,0
Pardeep Kandola,1,3,bengaluru-bulls,0
Kiran A,1,4,telugu-titans,0
Vinoth Kumar,1,17,u-mumba,0
Sonu Narwal,1,33,puneri-paltan,0
Anil Singh,1,2,puneri-paltan,0
Mandeep Kumar,1,7,patna-pirates,0
V. Ajith Kumar,1,17,tamil-thalaivas,0
