player_name,season,matches_played,team,total-points
Pawan Kumar Sehrawat,1,24,bengaluru-bulls,282
Pardeep Narwal,1,21,patna-pirates,233
Siddharth Sirish Desai,1,21,u-mumba,221
Deepak Niwas Hooda,1,22,jaipur-pink-panthers,208
Maninder Singh,1,22,bengal-warriors,206
Ajay Thakur,1,22,tamil-thalaivas,204
Sachin Tanwar,1,23,gujarat-fortunegiants,204
Vikash Kandola,1,22,haryana-steelers,177
Naveen Kumar,1,22,dabang-delhi-kc,177
Rohit Kumar,1,24,bengaluru-bulls,171
Rahul Chaudhari,1,21,telugu-titans,166
Monu Goyat,1,20,haryana-steelers,164
Chandran Ranjit,1,24,dabang-delhi-kc,158
Prashanth Kumar Rai,1,21,up-yoddha,147
Shrikant Jadhav,1,25,up-yoddha,146
K. Prapanjan,1,22,gujarat-fortunegiants,123
Rohit Baliyan,1,19,u-mumba,108
Rishank Devadiga,1,23,up-yoddha,104
Nitin Tomar,1,11,puneri-paltan,102
Manjeet,1,22,patna-pirates,102
Naveen,1,21,haryana-steelers,102
Nitesh Kumar,1,25,up-yoddha,101
Meraj Sheykh,1,19,dabang-delhi-kc,97
More GB,1,22,puneri-paltan,91
Parvesh Bhainswal,1,25,gujarat-fortunegiants,86
Nilesh Salunke,1,19,telugu-titans,85
Kashiling Adake,1,20,bengaluru-bulls,84
Fazel Atrachali,1,23,u-mumba,83
Jang Kun Lee,1,18,bengal-warriors,82
Sunil Kumar,1,25,gujarat-fortunegiants,76
Ajinkya Ashok Pawar,1,17,jaipur-pink-panthers,75
Deepak Narwal,1,17,patna-pirates,74
Vijay,1,21,patna-pirates,73
Ran Singh,1,22,bengal-warriors,71
Sukesh Hegde,1,17,tamil-thalaivas,71
Sachin Kumar,1,25,up-yoddha,68
Sandeep Kumar Dhull,1,22,jaipur-pink-panthers,67
Manjeet Chhillar,1,19,tamil-thalaivas,67
Sandeep Narwal,1,18,puneri-paltan,66
Mahender Singh,1,24,bengaluru-bulls,63
Surender Singh,1,22,u-mumba,62
Rohit Gulia,1,19,gujarat-fortunegiants,61
Vishal Bhardwaj,1,17,telugu-titans,60
Ravinder Pahal,1,22,dabang-delhi-kc,59
Jaideep,1,22,patna-pirates,58
PO Surjeet Singh,1,23,bengal-warriors,57
Monu,1,14,puneri-paltan,57
Girish Maruti Ernak,1,20,puneri-paltan,57
Mohsen Maghsoudloujafari,1,19,telugu-titans,56
Abozar Mohajermighani,1,21,telugu-titans,56
Athul MS,1,19,tamil-thalaivas,56
Abhishek Singh,1,15,u-mumba,53
Vinod Kumar,1,17,u-mumba,51
Amit Hooda,1,18,tamil-thalaivas,51
Joginder Singh Narwal,1,22,dabang-delhi-kc,51
Anup Kumar,1,13,jaipur-pink-panthers,50
Darshan Kadian,1,14,u-mumba,50
Kuldeep Singh,1,22,haryana-steelers,49
Farhad Rahimi Milaghardan,1,22,telugu-titans,47
Ruturaj Shivaji Koravi,1,23,gujarat-fortunegiants,47
Mahesh Goud,1,10,bengal-warriors,46
Jasvir Singh,1,16,tamil-thalaivas,46
Pawan Kumar Kadian,1,13,dabang-delhi-kc,45
Ashish Kumar,1,24,bengaluru-bulls,45
Ravindra Ramesh Kumawat,1,12,bengal-warriors,42
Narender,1,25,up-yoddha,42
Akshay Jadhav,1,18,puneri-paltan,41
Selvamani K,1,15,jaipur-pink-panthers,41
Sunil,1,22,haryana-steelers,41
Ravi Kumar,1,22,puneri-paltan,40
Jeeva Kumar,1,19,up-yoddha,40
Dharmaraj Cheralathan,1,22,u-mumba,40
Vikas Kale,1,22,patna-pirates,39
Vishal Mane,1,22,dabang-delhi-kc,38
Rohit Rana,1,19,u-mumba,38
Sunil Siddhgavali,1,16,jaipur-pink-panthers,38
Amit Sheoran,1,15,bengaluru-bulls,38
Vikas Jaglan,1,14,patna-pirates,37
Deepak Kumar Dahiya,1,11,puneri-paltan,34
Ajay Kumar,1,13,gujarat-fortunegiants,33
Amit Kumar,1,17,jaipur-pink-panthers,33
Nitin Rawal,1,9,jaipur-pink-panthers,31
Dong Geon Lee,1,11,gujarat-fortunegiants,31
Mohit Chhillar,1,14,jaipur-pink-panthers,31
Mahendra Ganesh Rajput,1,13,gujarat-fortunegiants,30
Anil Kumar,1,18,telugu-titans,30
Baldev Singh,1,18,bengal-warriors,28
Sachin Vittala,1,22,gujarat-fortunegiants,28
Parveen,1,19,haryana-steelers,28
Sachin Shingade,1,19,haryana-steelers,25
Abolfazl Maghsodloumahali,1,10,u-mumba,25
Mayur Shivtarkar,1,18,haryana-steelers,23
Jawahar Dagar,1,15,patna-pirates,23
Azad Singh,1,9,up-yoddha,23
D. Pradap,1,13,tamil-thalaivas,22
Rinku Narwal,1,15,puneri-paltan,21
Amit Nagar,1,9,bengal-warriors,21
Harish Naik,1,7,bengaluru-bulls,21
Tushar Patil,1,9,patna-pirates,20
Rajesh Narwal,1,16,dabang-delhi-kc,20
Raju Lal Choudhary,1,16,bengaluru-bulls,20
Hadi Oshtorak,1,13,gujarat-fortunegiants,18
Sagar B Krishna,1,20,up-yoddha,18
Ponparthiban Subramanian,1,12,tamil-thalaivas,17
Sandeep,1,10,bengaluru-bulls,16
CPO Surjeet Singh,1,9,tamil-thalaivas,16
Young Chang Ko,1,13,jaipur-pink-panthers,15
Sumit Singh,1,8,bengaluru-bulls,15
Satpal,1,12,dabang-delhi-kc,15
Manish,1,17,patna-pirates,15
Kamal Singh,1,8,telugu-titans,15
Armaan,1,4,telugu-titans,15
C Manoj Kumar,1,12,telugu-titans,14
Adarsh T,1,10,bengal-warriors,14
Santhapanaselvam,1,14,jaipur-pink-panthers,14
Rakshith,1,11,telugu-titans,14
Rajesh Mondal,1,11,puneri-paltan,14
Shrikant Tewthia,1,8,bengal-warriors,13
Bhupender Singh,1,4,bengal-warriors,13
Sunil,1,11,tamil-thalaivas,13
Anand Patil,1,7,jaipur-pink-panthers,13
Ziaur Rahman,1,18,bengal-warriors,12
Parvesh,1,6,puneri-paltan,12
Krushna Madane,1,6,telugu-titans,12
Shubham Shinde,1,10,puneri-paltan,12
Kuldeep Singh,1,7,patna-pirates,10
Rakesh Narwal,1,6,bengal-warriors,10
Vijin Thangadurai,1,16,bengal-warriors,10
Rajaguru Subramanian,1,8,u-mumba,10
Sandeep,1,5,puneri-paltan,10
Vishal,1,6,dabang-delhi-kc,10
Anand Surendra Tomar,1,5,haryana-steelers,9
Ajit Singh,1,6,jaipur-pink-panthers,9
Ravinder Kumar,1,8,patna-pirates,9
Bhanu Pratap Tomar,1,6,up-yoddha,9
Rajnish,1,4,telugu-titans,9
Amit Kumar,1,6,puneri-paltan,8
Anand,1,3,tamil-thalaivas,8
Anil Kumar,1,4,tamil-thalaivas,8
C. Arun,1,16,tamil-thalaivas,8
Yogesh Hooda,1,6,dabang-delhi-kc,8
Shabeer Bappu,1,6,dabang-delhi-kc,7
D. Gopu,1,5,tamil-thalaivas,7
Anil Kumar,1,5,dabang-delhi-kc,7
Lalit Chaudhary,1,3,gujarat-fortunegiants,7
Mahesh Maruti Magdum,1,4,bengaluru-bulls,7
Victor Onyango Obiero,1,3,tamil-thalaivas,6
Anuj Kumar,1,7,telugu-titans,6
Bhuvneshwar Gaur,1,6,haryana-steelers,6
Viraj Vishnu Landge,1,7,dabang-delhi-kc,6
Amit,1,14,up-yoddha,6
Darshan J.,1,9,tamil-thalaivas,6
Prateek,1,6,haryana-steelers,5
Dharmender,1,4,gujarat-fortunegiants,5
Sudhanshu Tyagi,1,13,haryana-steelers,4
Ajay,1,7,bengaluru-bulls,4
Arjun Deshwal,1,3,u-mumba,4
Lokesh Kaushik,1,6,jaipur-pink-panthers,4
Gangadhari Mallesh,1,6,jaipur-pink-panthers,4
Jasmer Singh Gulia,1,6,bengaluru-bulls,4
Manoj Dhull,1,8,bengal-warriors,4
David Shilisia J Mosambayi,1,4,jaipur-pink-panthers,4
Amit Kumar,1,2,bengal-warriors,4
Rohit Kumar Choudary,1,6,up-yoddha,3
Anand V,1,3,bengaluru-bulls,3
Vijay Kumar,1,4,patna-pirates,3
Md. Masud Karim,1,3,up-yoddha,3
Mithin Kumar,1,3,bengal-warriors,3
Ankit,1,6,bengaluru-bulls,3
Vimal Raj V,1,5,tamil-thalaivas,2
Gaurav Kumar,1,3,u-mumba,2
Amit Kharb,1,6,gujarat-fortunegiants,2
Vishav Chaudhary,1,2,up-yoddha,2
N. Shiva Ramakrishna,1,1,jaipur-pink-panthers,2
Shubham Ashok Palkar,1,4,gujarat-fortunegiants,2
Wazir Singh,1,2,haryana-steelers,2
Tae Deok Eom,1,11,patna-pirates,1
Nithesh B R,1,2,bengaluru-bulls,1
Bajirao Hodage,1,6,jaipur-pink-panthers,1
Sombir,1,4,telugu-titans,1
E Subash,1,2,u-mumba,1
Tapas Pal,1,2,dabang-delhi-kc,1
Pankaj,1,1,up-yoddha,1
Arun Kumar HN,1,2,haryana-steelers,1
Vikram Kandola,1,1,gujarat-fortunegiants,1
Aashish Nagar,1,3,up-yoddha,1
